Model,N,InferenceTime_ms
XGBoost,10,2.2376819979399443
MLP_NN,10,1.1832609889097512
LSTM,10,81.35694003431126
XGBoost,10,1.749224029481411
MLP_NN,10,1.174210978206247
LSTM,10,29.15954397758469
XGBoost,10,1.6727169859223068
MLP_NN,10,1.1100550182163715
LSTM,10,28.980478004086763
XGBoost,10,2.3738410091027617
MLP_NN,10,1.0410039685666561
LSTM,10,28.274543001316488
XGBoost,10,2.267872972879559
MLP_NN,10,1.082475995644927
LSTM,10,28.90517801279202
XGBoost,10,1.3756210100837052
MLP_NN,10,1.115838997066021
LSTM,10,29.095032019540668
XGBoost,10,1.3702469877898693
MLP_NN,10,1.009203027933836
LSTM,10,28.199243010021746
XGBoost,10,1.5164159703999758
MLP_NN,10,0.9900400182232261
LSTM,10,27.339274995028973
XGBoost,10,1.4144640299491584
MLP_NN,10,0.9771849727258086
LSTM,10,27.374501049052924
XGBoost,10,1.3639309909194708
MLP_NN,10,0.9678289643488824
LSTM,10,27.824699005577713
XGBoost,10,1.3624739949591458
MLP_NN,10,0.9844829910434783
LSTM,10,27.228282007854432
XGBoost,10,1.2984679779037833
MLP_NN,10,0.9877340053208172
LSTM,10,26.962031959556043
XGBoost,10,1.3483379734680057
MLP_NN,10,0.9545779903419316
LSTM,10,27.116217010188848
XGBoost,10,1.3204750139266253
MLP_NN,10,0.9995030122809112
LSTM,10,27.28549001039937
XGBoost,10,1.3404120109044015
MLP_NN,10,0.9431839571334422
LSTM,10,27.12976699694991
XGBoost,10,1.3369480147957802
MLP_NN,10,0.9641509968787432
LSTM,10,27.56847400451079
XGBoost,10,1.3750559883192182
MLP_NN,10,0.994920963421464
LSTM,10,29.401979001704603
XGBoost,10,2.3459469666704535
MLP_NN,10,1.655319007113576
LSTM,10,28.791752993129194
XGBoost,10,1.3630769681185484
MLP_NN,10,0.9773739730007946
LSTM,10,27.483737969305366
XGBoost,10,1.307932019699365
MLP_NN,10,0.9888630011118948
LSTM,10,28.053832007572055
XGBoost,10,1.3610959867946804
MLP_NN,10,0.9958090377040207
LSTM,10,27.949588955380023
XGBoost,10,1.3260800042189658
MLP_NN,10,0.9569260291755199
LSTM,10,27.53409097203985
XGBoost,10,1.4889519661664963
MLP_NN,10,0.9863250306807458
LSTM,10,27.47456298675388
XGBoost,10,1.3292250223457813
MLP_NN,10,0.9923549951054156
LSTM,10,26.98853804031387
XGBoost,10,1.2954419944435358
MLP_NN,10,0.9910620283335447
LSTM,10,27.17243495862931
XGBoost,10,1.2892310041934252
MLP_NN,10,0.9990920079872012
LSTM,10,27.297441964037716
XGBoost,10,1.2810599873773754
MLP_NN,10,0.983749981969595
LSTM,10,27.067744988016784
XGBoost,10,1.4106050366535783
MLP_NN,10,0.9591620182618499
LSTM,10,27.330156008247286
XGBoost,10,1.3223510468378663
MLP_NN,10,0.9684399701654911
LSTM,10,28.834080032538623
XGBoost,10,1.4321040362119675
MLP_NN,10,1.0186730069108307
LSTM,10,27.407859975937754
XGBoost,10,1.432366028893739
MLP_NN,10,1.0064640082418919
LSTM,10,27.517499984242022
XGBoost,10,1.3646450242958963
MLP_NN,10,1.1197180137969553
LSTM,10,28.074486006516963
XGBoost,10,1.388086995575577
MLP_NN,10,1.0161650134250522
LSTM,10,27.894067985471338
XGBoost,10,1.3119140057824552
MLP_NN,10,1.001060998532921
LSTM,10,27.406328998040408
XGBoost,10,1.3272520154714584
MLP_NN,10,0.9672110318206251
LSTM,10,27.594209008384496
XGBoost,10,1.413911988493055
MLP_NN,10,0.9858699631877244
LSTM,10,27.68496097996831
XGBoost,10,1.307489990722388
MLP_NN,10,0.9994740248657763
LSTM,10,28.065131045877934
XGBoost,10,1.3541600201278925
MLP_NN,10,0.9741539834067225
LSTM,10,27.42110099643469
XGBoost,10,1.341268012765795
MLP_NN,10,0.975797011051327
LSTM,10,27.274146035779268
XGBoost,10,1.326963014435023
MLP_NN,10,0.9701279923319817
LSTM,10,27.220630960073322
XGBoost,10,1.3446270022541285
MLP_NN,10,0.9921779856085777
LSTM,10,30.716994020622224
XGBoost,10,1.4092189958319068
MLP_NN,10,1.019251998513937
LSTM,10,27.711011993233114
XGBoost,10,1.3794180122204125
MLP_NN,10,1.012610038742423
LSTM,10,27.724921994376928
XGBoost,10,1.3542450033128262
MLP_NN,10,0.9944039629772305
LSTM,10,31.906951975543052
XGBoost,10,1.3412280241027474
MLP_NN,10,1.0027189855463803
LSTM,10,27.65277703292668
XGBoost,10,1.3708219630643725
MLP_NN,10,1.0100919753313065
LSTM,10,27.68163097789511
XGBoost,10,1.3141779927536845
MLP_NN,10,1.0017540189437568
LSTM,10,27.8893590439111
XGBoost,10,1.352110004518181
MLP_NN,10,1.018734008539468
LSTM,10,27.80397399328649
XGBoost,10,1.3211670448072255
MLP_NN,10,0.9958429727703333
LSTM,10,31.730515998788178
XGBoost,10,1.32669199956581
MLP_NN,10,1.002018980216235
LSTM,10,27.34295598929748
XGBoost,10,1.4909689780324697
MLP_NN,10,1.039345981553197
LSTM,10,27.341960987541825
XGBoost,10,1.33076700149104
MLP_NN,10,0.9824029984883964
LSTM,10,27.177345007658005
XGBoost,10,1.2920309673063457
MLP_NN,10,0.9686380508355796
LSTM,10,30.836707970593125
XGBoost,10,1.3809179654344916
MLP_NN,10,1.0012240381911397
LSTM,10,27.655267040245235
XGBoost,10,1.4161160215735435
MLP_NN,10,1.0135250049643219
LSTM,10,27.457730961032212
XGBoost,10,1.4101560227572918
MLP_NN,10,1.0194159694947302
LSTM,10,27.8747120173648
XGBoost,10,2.003902045544237
MLP_NN,10,0.9894449613057077
LSTM,10,27.611161989625543
XGBoost,10,1.3794730184599757
MLP_NN,10,0.9969579987227917
LSTM,10,27.73531200364232
XGBoost,10,2.1871280041523278
MLP_NN,10,0.9965460048988461
LSTM,10,27.526952035259455
XGBoost,10,1.3316429685801268
MLP_NN,10,0.9967039804905653
LSTM,10,27.69441099371761
XGBoost,10,1.3295719982124865
MLP_NN,10,0.9514820412732661
LSTM,10,27.262575982604176
XGBoost,10,1.2743049883283675
MLP_NN,10,0.9818009566515684
LSTM,10,26.887885993346572
XGBoost,10,1.3391649699769914
MLP_NN,10,0.9874650277197361
LSTM,10,27.413422998506576
XGBoost,10,1.3375930138863623
MLP_NN,10,1.0025540250353515
LSTM,10,27.283499017357826
XGBoost,10,1.788334979210049
MLP_NN,10,0.9837120305746794
LSTM,10,28.82523398147896
XGBoost,10,1.5735760098323226
MLP_NN,10,1.0574450134299695
LSTM,10,27.858996007125825
XGBoost,10,1.3818690204061568
MLP_NN,10,1.098575012292713
LSTM,10,27.84068899927661
XGBoost,10,1.551964960526675
MLP_NN,10,1.0114830220118165
LSTM,10,32.08592801820487
XGBoost,10,2.2212230251170695
MLP_NN,10,1.0030610137619078
LSTM,10,27.92585699353367
XGBoost,10,1.6425210051238537
MLP_NN,10,1.081611029803753
LSTM,10,27.68957504304126
XGBoost,10,1.3524009846150875
MLP_NN,10,0.9679679642431438
LSTM,10,27.321417001076043
XGBoost,10,1.3748889905400574
MLP_NN,10,1.011335989460349
LSTM,10,27.553126972634345
XGBoost,10,1.361598027870059
MLP_NN,10,0.9641539654694498
LSTM,10,27.342478977516294
XGBoost,10,2.200593997258693
MLP_NN,10,1.6757100238464773
LSTM,10,33.93456502817571
XGBoost,10,1.3152079773135483
MLP_NN,10,0.9952980326488614
LSTM,10,28.30653201090172
XGBoost,10,1.5380939585156739
MLP_NN,10,0.9584830258972943
LSTM,10,27.113648015074432
XGBoost,10,1.3267190079204738
MLP_NN,10,0.968586013186723
LSTM,10,29.270333994645625
XGBoost,10,1.4369739801622927
MLP_NN,10,1.0245079756714404
LSTM,10,27.834946988150477
XGBoost,10,1.4292459818534553
MLP_NN,10,0.9481830056756735
LSTM,10,28.127593046519905
XGBoost,10,1.4368629781529307
MLP_NN,10,0.9740130044519901
LSTM,10,27.8102740412578
XGBoost,10,1.4257599832490087
MLP_NN,10,0.9766700095497072
LSTM,10,27.662219014018774
XGBoost,10,1.3826080248691142
MLP_NN,10,0.9717129869386554
LSTM,10,27.85781299462542
XGBoost,10,1.3814190169796348
MLP_NN,10,0.9829929913394153
LSTM,10,27.689684997312725
XGBoost,10,1.3648889726027846
MLP_NN,10,1.0204269783571362
LSTM,10,28.151052014436573
XGBoost,10,1.9553019665181637
MLP_NN,10,0.9882060112431645
LSTM,10,27.658105012960732
XGBoost,10,1.4642630121670663
MLP_NN,10,0.9789320174604654
LSTM,10,27.27389201754704
XGBoost,10,1.3981819502077997
MLP_NN,10,0.9736919892020524
LSTM,10,27.461057004984468
XGBoost,10,1.3639699900522828
MLP_NN,10,0.9807400056160986
LSTM,10,27.37018803600222
XGBoost,10,1.303628960158676
MLP_NN,10,1.0100729996338487
LSTM,10,29.540368006564677
XGBoost,10,2.349062997382134
MLP_NN,10,1.640269998461008
LSTM,10,28.535168967209756
XGBoost,10,1.419596024788916
MLP_NN,10,1.0227760067209601
LSTM,10,28.1331529840827
XGBoost,10,1.4103470020927489
MLP_NN,10,1.0154059855267406
LSTM,10,28.29427196411416
XGBoost,10,1.3400840107351542
MLP_NN,10,0.9957409929484129
LSTM,10,27.424023021012545
XGBoost,10,1.3774500112049282
MLP_NN,10,0.9851669892668724
LSTM,10,28.102106996811926
XGBoost,10,1.6406590002588928
MLP_NN,10,1.0701270075514913
LSTM,10,27.820450020954013
XGBoost,10,1.3831399846822023
MLP_NN,10,1.0224839788861573
LSTM,10,27.90697501040995
XGBoost,10,2.2900699987076223
MLP_NN,10,1.683046983089298
LSTM,10,28.52079301374033
XGBoost,10,1.3266789610497653
MLP_NN,10,0.9925250196829438
LSTM,10,27.854297019075602
XGBoost,10,1.3696030364371836
MLP_NN,10,0.9962899493984878
LSTM,10,27.080138970632106
XGBoost,10,2.202401985414326
MLP_NN,10,1.6606670105829835
LSTM,10,31.31688601570204
XGBoost,10,1.347593031823635
MLP_NN,10,0.9817659738473594
LSTM,10,29.760402045212686
XGBoost,10,1.4929859898984432
MLP_NN,10,0.9920090087689459
LSTM,10,28.614657989237458
XGBoost,10,1.4067470328882337
MLP_NN,10,1.011446991469711
LSTM,10,28.012209048029035
XGBoost,10,1.3438030146062374
MLP_NN,10,1.0147549910470843
LSTM,10,32.14629500871524
XGBoost,10,1.3954949681647122
MLP_NN,10,0.9999969624914229
LSTM,10,27.647567039821297
XGBoost,10,1.4458669465966523
MLP_NN,10,0.9850839851424098
LSTM,10,27.513428998645395
XGBoost,10,1.3652360066771507
MLP_NN,10,0.9716209606267512
LSTM,10,27.827409969177097
XGBoost,10,1.829404034651816
MLP_NN,10,0.9925629710778594
LSTM,10,27.683385997079313
XGBoost,10,1.3738989946432412
MLP_NN,10,1.0165109997615218
LSTM,10,28.44191197073087
XGBoost,10,1.4664040063507855
MLP_NN,10,0.9832429932430387
LSTM,10,28.214001969899982
XGBoost,10,2.1847939933650196
MLP_NN,10,1.035124994814396
LSTM,10,27.96716900775209
XGBoost,10,1.321944990195334
MLP_NN,10,0.9987330413423479
LSTM,10,27.65122801065445
XGBoost,10,1.390886027365923
MLP_NN,10,0.9697549976408482
LSTM,10,30.03979299683124
XGBoost,10,1.418879022821784
MLP_NN,10,1.007338985800743
LSTM,10,28.011056012474
XGBoost,10,1.521139987744391
MLP_NN,10,0.9987140074372292
LSTM,10,32.63691603206098
XGBoost,10,2.283197012729943
MLP_NN,10,1.6666220035403967
LSTM,10,39.97410903684795
XGBoost,10,1.3729180209338665
MLP_NN,10,0.9909680229611695
LSTM,10,28.257147991098464
XGBoost,10,1.437885977793485
MLP_NN,10,1.0146250133402646
LSTM,10,27.961242012679577
XGBoost,10,1.3650290202349424
MLP_NN,10,1.0100629879161716
LSTM,10,27.49092795420438
XGBoost,10,1.3933709706179798
MLP_NN,10,0.9568060049787164
LSTM,10,27.47813699534163
XGBoost,10,1.3425000361166894
MLP_NN,10,0.9779240353964269
LSTM,10,28.33530801581219
XGBoost,10,1.342125004157424
MLP_NN,10,1.0095289908349514
LSTM,10,27.500103984493762
XGBoost,10,1.2952910037711263
MLP_NN,10,0.9759410168044269
LSTM,10,27.774912014137954
XGBoost,10,1.402621972374618
MLP_NN,10,1.014921988826245
LSTM,10,28.054609952960163
XGBoost,10,1.3465770171023905
MLP_NN,10,1.0403729975223541
LSTM,10,29.456350952386856
XGBoost,10,1.4468650333583355
MLP_NN,10,1.029633975122124
LSTM,10,27.671512041706592
XGBoost,10,1.4629440265707672
MLP_NN,10,0.9555279975757003
LSTM,10,28.062267985660583
XGBoost,10,1.4130360214039683
MLP_NN,10,1.0099479695782065
LSTM,10,27.58218999952078
XGBoost,10,1.4157200348563492
MLP_NN,10,1.0410840041004121
LSTM,10,27.69938699202612
XGBoost,10,1.50165002560243
MLP_NN,10,1.06170802609995
LSTM,10,28.147556993644685
XGBoost,10,1.4136710087768734
MLP_NN,10,0.9903400205075741
LSTM,10,28.279196994844824
XGBoost,10,2.086671011056751
MLP_NN,10,1.0558199719525874
LSTM,10,27.87802298553288
XGBoost,10,1.294634013902396
MLP_NN,10,0.9889879729598761
LSTM,10,27.312880964018404
XGBoost,10,1.3537679915316403
MLP_NN,10,1.0246740421280265
LSTM,10,31.319033005274832
XGBoost,10,1.5270559815689921
MLP_NN,10,1.0151590104214847
LSTM,10,27.21230301540345
XGBoost,10,1.4914069906808436
MLP_NN,10,0.9970759856514633
LSTM,10,28.267020999919623
XGBoost,10,2.2617949871346354
MLP_NN,10,1.046188990585506
LSTM,10,29.252006963361055
XGBoost,10,1.3591269962489605
MLP_NN,10,1.0105720139108598
LSTM,10,27.490719046909362
XGBoost,10,1.3848519884049892
MLP_NN,10,1.005835016258061
LSTM,10,27.187594037968665
XGBoost,10,1.4394919853657484
MLP_NN,10,0.99523103563115
LSTM,10,27.957201993558556
XGBoost,10,1.3955790200270712
MLP_NN,10,1.00202695466578
LSTM,10,27.762993006035686
XGBoost,10,1.3675090158358216
MLP_NN,10,0.9958299924619496
LSTM,10,28.11607503099367
XGBoost,10,1.341825001873076
MLP_NN,10,1.0136529454030097
LSTM,10,28.177995001897216
XGBoost,10,1.3771569938398898
MLP_NN,10,1.0181519901379943
LSTM,10,27.937344973906875
XGBoost,10,1.3582389801740646
MLP_NN,10,0.9889299981296062
LSTM,10,27.532872976735234
XGBoost,10,1.3332300004549325
MLP_NN,10,0.995605019852519
LSTM,10,27.647153998259455
XGBoost,10,1.3018370373174548
MLP_NN,10,0.996281043626368
LSTM,10,27.619401982519776
XGBoost,10,1.376727013848722
MLP_NN,10,1.0239340481348336
LSTM,10,27.6884280028753
XGBoost,10,1.3722299481742084
MLP_NN,10,0.9978070156648755
LSTM,10,29.27001705393195
XGBoost,10,1.4453829498961568
MLP_NN,10,1.0257730027660728
LSTM,10,27.48204203089699
XGBoost,10,1.5829099575057626
MLP_NN,10,1.0119989747181535
LSTM,10,28.093106986489147
XGBoost,10,1.5902190352790058
MLP_NN,10,1.07332703191787
LSTM,10,27.77829102706164
XGBoost,10,1.4144250308163464
MLP_NN,10,0.995487964246422
LSTM,10,27.546185010578483
XGBoost,10,1.384723000228405
MLP_NN,10,1.0249040205962956
LSTM,10,27.662975015118718
XGBoost,10,1.3721009599976242
MLP_NN,10,1.014054985716939
LSTM,10,27.704132022336125
XGBoost,10,1.4360019704326987
MLP_NN,10,1.0223679710179567
LSTM,10,27.992693008854985
XGBoost,10,1.491662987973541
MLP_NN,10,1.0246509918943048
LSTM,10,27.305544004775584
XGBoost,10,1.3950520078651607
MLP_NN,10,0.9792919736355543
LSTM,10,27.658782026264817
XGBoost,10,1.3485479867085814
MLP_NN,10,1.0059840278699994
LSTM,10,27.406979992520064
XGBoost,10,1.3540969812311232
MLP_NN,10,0.9777729865163565
LSTM,10,27.261018054559827
XGBoost,10,1.3053559814579785
MLP_NN,10,1.0044290102086961
LSTM,10,29.137627978343517
XGBoost,10,1.5224909875541925
MLP_NN,10,1.0757590061984956
LSTM,10,27.555631997529417
XGBoost,10,1.4147539623081684
MLP_NN,10,1.0057389736175537
LSTM,10,27.60808396851644
XGBoost,10,2.3422089871019125
MLP_NN,10,1.665521995164454
LSTM,10,28.0949289444834
XGBoost,10,1.431274984497577
MLP_NN,10,0.9598800097592175
LSTM,10,27.72941399598494
XGBoost,10,1.393500017002225
MLP_NN,10,1.0228870087303221
LSTM,10,28.385034995153546
XGBoost,10,1.3972150045447052
MLP_NN,10,1.0429590474814177
LSTM,10,27.83183305291459
XGBoost,10,1.4094660291448236
MLP_NN,10,0.9836379904299974
LSTM,10,31.18166298372671
XGBoost,10,1.3906180392950773
MLP_NN,10,0.9750230237841606
LSTM,10,27.881307993084192
XGBoost,10,1.6028709942474961
MLP_NN,10,0.9871770162135363
LSTM,10,27.425892010796815
XGBoost,10,1.337906054686755
MLP_NN,10,0.9723750408738852
LSTM,10,27.19921199604869
XGBoost,10,1.4079289976507425
MLP_NN,10,1.0078349732793868
LSTM,10,27.237906004302204
XGBoost,10,1.3671329943463206
MLP_NN,10,0.9619049960747361
LSTM,10,33.72683498309925
XGBoost,10,1.8876739777624607
MLP_NN,10,1.0058259940706193
LSTM,10,28.056880983058363
XGBoost,10,1.4138590195216238
MLP_NN,10,1.0163889965042472
LSTM,10,27.58544497191906
XGBoost,10,1.33598898537457
MLP_NN,10,0.9958340087905526
LSTM,10,27.952284028287977
XGBoost,10,1.506196043919772
MLP_NN,10,0.9719610097818077
LSTM,10,28.35811401018873
XGBoost,10,1.4575799577869475
MLP_NN,10,0.9707949939183891
LSTM,10,28.13251398038119
XGBoost,10,2.330407965928316
MLP_NN,10,1.4679220039397478
LSTM,10,27.99202100140974
XGBoost,10,1.4116449747234583
MLP_NN,10,1.0085940011776984
LSTM,10,28.460385976359248
XGBoost,10,1.6124080284498632
MLP_NN,10,1.0060530039481819
LSTM,10,27.688587026204914
XGBoost,10,1.3656500377692282
MLP_NN,10,0.9724929695948958
LSTM,10,27.56738697644323
XGBoost,10,1.3537720078602433
MLP_NN,10,1.0251720086671412
LSTM,10,27.350908960215747
XGBoost,10,2.0968219614587724
MLP_NN,10,1.0008170502260327
LSTM,10,27.82715600915253
XGBoost,10,1.416828017681837
MLP_NN,10,0.9941519820131361
LSTM,10,31.113595003262162
XGBoost,10,2.4551019887439907
MLP_NN,10,1.3242230052128434
LSTM,10,29.03687604703009
XGBoost,10,2.453893015626818
MLP_NN,10,1.0746789630502462
LSTM,10,32.10630803368986
XGBoost,10,1.446296984795481
MLP_NN,10,1.0346100316382945
LSTM,10,28.466826013755053
XGBoost,10,1.3831249671056867
MLP_NN,10,0.9955560090020299
LSTM,10,28.171262005344033
XGBoost,10,1.886393001768738
MLP_NN,10,1.012378023006022
LSTM,10,29.112632968463004
XGBoost,10,1.4997469843365252
MLP_NN,10,1.0332340025343
LSTM,10,28.281782986596227
XGBoost,10,1.5209109988063574
MLP_NN,10,1.0329739889129996
LSTM,10,28.669234015978873
XGBoost,10,1.44291203469038
MLP_NN,10,1.0103569948114455
LSTM,10,28.039931028615683
XGBoost,10,1.3880179612897336
MLP_NN,10,1.0289589990861714
LSTM,10,28.182420996017754
XGBoost,10,1.4939119573682547
MLP_NN,10,0.9883189923129976
LSTM,10,31.69286099728197
XGBoost,10,1.3888569665141404
MLP_NN,10,0.98842300940305
LSTM,10,27.634399011731148
XGBoost,10,1.4073760248720646
MLP_NN,10,0.9830290218815207
LSTM,10,29.37582496087998
XGBoost,10,1.4624270261265337
MLP_NN,10,1.0147480061277747
LSTM,10,27.82791299978271
XGBoost,10,1.470847986638546
MLP_NN,10,1.035679946653545
LSTM,10,28.687638987321407
XGBoost,10,1.6624139971099794
MLP_NN,10,1.0078320046886802
LSTM,10,28.007662040181458
XGBoost,10,1.4755809679627419
MLP_NN,10,0.996796996332705
LSTM,10,28.219387982971966
XGBoost,10,2.314456971362233
MLP_NN,10,1.6708449693396688
LSTM,10,28.55880494462326
XGBoost,10,1.4421989908441901
MLP_NN,10,1.0491700377315283
LSTM,10,30.26457194937393
XGBoost,10,1.4536709641106427
MLP_NN,10,1.0075149475596845
LSTM,10,28.304537991061807
XGBoost,10,1.4229670050553977
MLP_NN,10,1.1478540254756808
LSTM,10,28.079821029677987
XGBoost,10,1.415553968399763
MLP_NN,10,1.1340350029058754
LSTM,10,28.012278024107218
XGBoost,10,1.3740279828198254
MLP_NN,10,1.0060030035674572
LSTM,10,28.05922698462382
XGBoost,10,1.3593729818239808
MLP_NN,10,1.0072729783132672
LSTM,10,27.79188402928412
XGBoost,10,2.2230310132727027
MLP_NN,10,1.6585239791311324
LSTM,10,31.187856977339834
XGBoost,10,1.5016249963082373
MLP_NN,10,1.1317000025883317
LSTM,10,31.4489989541471
XGBoost,10,1.4112229691818357
MLP_NN,10,0.9934889967553318
LSTM,10,28.604850987903774
XGBoost,10,1.4537530369125307
MLP_NN,10,0.9728019940666854
LSTM,10,27.181893994566053
XGBoost,10,1.409904973115772
MLP_NN,10,0.9852779912762344
LSTM,10,27.706198976375163
XGBoost,10,1.4318469911813736
MLP_NN,10,1.0118609643541276
LSTM,10,27.904160029720515
XGBoost,10,1.4427709975279868
MLP_NN,10,0.9886500192806125
LSTM,10,27.86495501641184
XGBoost,10,2.300078049302101
MLP_NN,10,1.660591980908066
LSTM,10,30.59581102570519
XGBoost,10,1.4172730152495205
MLP_NN,10,0.991649052593857
LSTM,10,28.047712985426188
XGBoost,10,2.234714978840202
MLP_NN,10,1.6564790275879204
LSTM,10,30.009215988684446
XGBoost,10,1.3645570143125951
MLP_NN,10,1.1345199891366065
LSTM,10,27.404944004956633
XGBoost,10,1.771039969753474
MLP_NN,10,0.9924890473484993
LSTM,10,29.0367070119828
XGBoost,10,1.7910419846884906
MLP_NN,10,1.0077750193886459
LSTM,10,30.017620010767132
XGBoost,10,1.5582609921693802
MLP_NN,10,1.0106750414706767
LSTM,10,29.768425039947033
XGBoost,10,1.7938720411621034
MLP_NN,10,1.0116400080733001
LSTM,10,27.8148390352726
XGBoost,10,1.4248460065573454
MLP_NN,10,1.0179280070587993
LSTM,10,27.95047196559608
XGBoost,10,1.421755994670093
MLP_NN,10,1.037147012539208
LSTM,10,27.836080989800394
XGBoost,10,1.4226860366761684
MLP_NN,10,1.0688359616324306
LSTM,10,27.744501014240086
XGBoost,10,1.464123954065144
MLP_NN,10,0.9809600305743515
LSTM,10,27.452123002149165
XGBoost,10,1.4282659976743162
MLP_NN,10,0.9803479770198464
LSTM,10,27.67236903309822
XGBoost,10,1.4310639817267656
MLP_NN,10,1.0110200382769108
LSTM,10,27.751084009651095
XGBoost,10,1.3847179943695664
MLP_NN,10,1.013574015814811
LSTM,10,27.60478900745511
XGBoost,10,2.292084973305464
MLP_NN,10,1.3784600305370986
LSTM,10,27.815890032798052
XGBoost,10,2.2971919970586896
MLP_NN,10,1.6244439757429063
LSTM,10,27.76077901944518
XGBoost,10,1.3354800175875425
MLP_NN,10,0.9745539864525199
LSTM,10,30.226160015445203
XGBoost,10,1.4670920209027827
MLP_NN,10,1.0330320219509304
LSTM,10,27.98441902268678
XGBoost,10,1.468688016757369
MLP_NN,10,1.006632053758949
LSTM,10,27.724092011339962
XGBoost,10,1.3989299768581986
MLP_NN,10,1.0067250113934278
LSTM,10,27.812272019218653
XGBoost,10,1.3803790207020938
MLP_NN,10,1.0168789885938168
LSTM,10,27.90902100969106
XGBoost,10,1.4125860179774463
MLP_NN,10,1.0329509968869388
LSTM,10,27.856249012984335
XGBoost,10,1.4611760270781815
MLP_NN,10,1.0226640151813626
LSTM,10,28.006921987980604
XGBoost,10,1.4100169646553695
MLP_NN,10,1.17720098933205
LSTM,10,27.61407702928409
XGBoost,10,1.5614029834978282
MLP_NN,10,1.007108949124813
LSTM,10,27.50589099014178
XGBoost,10,1.3713870430365205
MLP_NN,10,0.9909939835779369
LSTM,10,27.497617003973573
XGBoost,10,1.3733159867115319
MLP_NN,10,0.9898940334096551
LSTM,10,27.979078993666917
XGBoost,10,2.1755569614470005
MLP_NN,10,1.016268040984869
LSTM,10,27.46373799163848
XGBoost,10,1.3959140051156282
MLP_NN,10,1.01203698432073
LSTM,10,34.17171398177743
XGBoost,10,1.465729030314833
MLP_NN,10,1.0106490226462483
LSTM,10,28.34075700957328
XGBoost,10,1.3933010050095618
MLP_NN,10,0.9848030167631805
LSTM,10,31.080237007699907
XGBoost,10,1.417833031155169
MLP_NN,10,0.976358016487211
LSTM,10,27.742328005842865
XGBoost,10,1.3701929710805416
MLP_NN,10,1.0021600173786283
LSTM,10,28.162153030280024
XGBoost,10,1.614332024473697
MLP_NN,10,1.0347750503569841
LSTM,10,27.78149297228083
XGBoost,10,1.4056089567020535
MLP_NN,10,0.9727620054036379
LSTM,10,27.871924976352602
XGBoost,10,1.3897629687562585
MLP_NN,10,0.9689360158517957
LSTM,10,28.01873499993235
XGBoost,10,1.6982679953798652
MLP_NN,10,1.029424020089209
LSTM,10,28.05736695881933
XGBoost,10,1.4057849766686559
MLP_NN,10,1.0230439947918057
LSTM,10,31.76730003906414
XGBoost,10,1.4795390306971967
MLP_NN,10,1.0321239824406803
LSTM,10,27.58253295905888
XGBoost,10,1.4380199718289077
MLP_NN,10,0.9943579789251089
LSTM,10,27.67639799276367
XGBoost,10,2.2886350052431226
MLP_NN,10,1.4947409508749843
LSTM,10,29.880784975830466
XGBoost,10,2.135461021680385
MLP_NN,10,0.9977570152841508
LSTM,10,28.886154992505908
XGBoost,10,1.4597450499422848
MLP_NN,10,0.9324749698862433
LSTM,10,27.8603250044398
XGBoost,10,1.4047959703020751
MLP_NN,10,1.0188230080530047
LSTM,10,27.646464994177222
XGBoost,10,1.44121894845739
MLP_NN,10,0.980055017862469
LSTM,10,28.226101014297456
XGBoost,10,1.4481350081041455
MLP_NN,10,1.0585400159470737
LSTM,10,28.577379998750985
XGBoost,10,1.661746995523572
MLP_NN,10,1.078100991435349
LSTM,10,28.001095983199775
XGBoost,10,1.5781529946252704
MLP_NN,10,0.9979629539884627
LSTM,10,27.950811956543475
XGBoost,10,2.2861690376885235
MLP_NN,10,1.0800330201163888
LSTM,10,27.194972964935005
XGBoost,10,1.411216042470187
MLP_NN,10,0.994478992652148
LSTM,10,27.422326966188848
XGBoost,10,1.3204279821366072
MLP_NN,10,1.0153210023418069
LSTM,10,27.46291900984943
XGBoost,10,1.382859016302973
MLP_NN,10,0.99171296460554
LSTM,10,28.041343030054122
XGBoost,10,1.3498810003511608
MLP_NN,10,1.0325390030629933
LSTM,10,30.217025021556765
XGBoost,10,2.2474260185845196
MLP_NN,10,1.003512996248901
LSTM,10,28.988945996388793
XGBoost,10,1.4526770100928843
MLP_NN,10,1.0077920160256326
LSTM,10,28.218562016263604
XGBoost,10,1.4336759923025966
MLP_NN,10,1.042487972881645
LSTM,10,27.712132956366986
XGBoost,10,1.4948479947634041
MLP_NN,10,0.9616059833206236
LSTM,10,27.61523303342983
XGBoost,10,1.4862929820083082
MLP_NN,10,0.9678779751993716
LSTM,10,28.097036003600806
XGBoost,10,1.3991589657962322
MLP_NN,10,1.0068770498037338
LSTM,10,27.75715698953718
XGBoost,10,1.3779979781247675
MLP_NN,10,1.0115269687958062
LSTM,10,28.54149299673736
XGBoost,10,2.3077710065990686
MLP_NN,10,1.4213190297596157
LSTM,10,28.10454403515905
XGBoost,10,1.3769090292043984
MLP_NN,10,1.028150029014796
LSTM,10,29.052923957351595
XGBoost,10,1.3758949935436249
MLP_NN,10,1.0177329531870782
LSTM,10,28.0340850003995
XGBoost,10,1.3574670301750302
MLP_NN,10,0.9787969756871462
LSTM,10,28.927011997438967
XGBoost,10,1.4101089909672737
MLP_NN,10,1.0305659961886704
LSTM,10,29.935967992059886
XGBoost,10,1.4352240250445902
MLP_NN,10,1.022726995870471
LSTM,10,27.706009976100177
XGBoost,10,1.4085550210438669
MLP_NN,10,1.0182259720750153
LSTM,10,28.629951004404575
XGBoost,10,1.444132998585701
MLP_NN,10,1.0253249784000218
LSTM,10,28.232834010850638
XGBoost,10,1.451868040021509
MLP_NN,10,1.0374329867772758
LSTM,10,28.801919019315392
XGBoost,10,2.321160980500281
MLP_NN,10,1.6073379665613174
LSTM,10,28.465313953347504
XGBoost,10,1.3941159704700112
MLP_NN,10,1.0194979840889573
LSTM,10,28.604761988390237
XGBoost,10,1.5927110216580331
MLP_NN,10,1.121258013881743
LSTM,10,32.838371000252664
XGBoost,10,2.7234360459260643
MLP_NN,10,1.7184929456561804
LSTM,10,34.14056805195287
XGBoost,10,1.3820650056004524
MLP_NN,10,1.0112259769812226
LSTM,10,28.739897010382265
XGBoost,10,1.3956629554741085
MLP_NN,10,0.9898749995045364
LSTM,10,27.395557961426675
XGBoost,10,1.3520049978978932
MLP_NN,10,0.9867409826256335
LSTM,10,29.2242820141837
XGBoost,10,2.298337989486754
MLP_NN,10,1.6574020264670253
LSTM,10,32.76372596155852
XGBoost,10,1.4843899989500642
MLP_NN,10,1.0281120194122195
LSTM,10,28.174083039630204
XGBoost,10,1.5256099868565798
MLP_NN,10,0.9968719677999616
LSTM,10,27.95006800442934
XGBoost,10,1.4364140224643052
MLP_NN,10,0.9821020066738129
LSTM,10,27.288960991427302
XGBoost,10,1.3910330017097294
MLP_NN,10,1.0092569864355028
LSTM,10,31.790356035344303
XGBoost,10,2.363934996537864
MLP_NN,10,1.6460869810543954
LSTM,10,29.906506009865552
XGBoost,10,1.6833349945954978
MLP_NN,10,1.0384249617345631
LSTM,10,27.68526301952079
XGBoost,10,1.4728910173289478
MLP_NN,10,1.0397119913250208
LSTM,10,27.694031014107168
XGBoost,15,1.9735489622689784
MLP_NN,15,1.1635419796220958
LSTM,15,74.9741549952887
XGBoost,15,1.7508399905636907
MLP_NN,15,1.1603779857978225
LSTM,15,29.41643795929849
XGBoost,15,1.4079890097491443
MLP_NN,15,1.0135130141861737
LSTM,15,27.580630034208298
XGBoost,15,1.4042069669812918
MLP_NN,15,0.9733409970067441
LSTM,15,27.437406009994447
XGBoost,15,1.4273330452851951
MLP_NN,15,1.1293269926682115
LSTM,15,27.786894992459565
XGBoost,15,1.3180729583837092
MLP_NN,15,0.9589989786036313
LSTM,15,28.021565987728536
XGBoost,15,1.4000850496813655
MLP_NN,15,1.007898012176156
LSTM,15,27.71659300196916
XGBoost,15,1.4096900122240186
MLP_NN,15,1.0275369859300554
LSTM,15,27.56045199930668
XGBoost,15,1.4536569942720234
MLP_NN,15,1.0931980214081705
LSTM,15,27.573779982049018
XGBoost,15,2.2190819727256894
MLP_NN,15,1.40131899388507
LSTM,15,27.87759597413242
XGBoost,15,1.2954029953107238
MLP_NN,15,0.9841030114330351
LSTM,15,27.45701395906508
XGBoost,15,1.3313090312294662
MLP_NN,15,1.0056630126200616
LSTM,15,27.646016038488597
XGBoost,15,1.38019397854805
MLP_NN,15,0.9991349652409554
LSTM,15,29.204293037764728
XGBoost,15,1.3980109943076968
MLP_NN,15,0.9940890013240278
LSTM,15,118.27831802656874
XGBoost,15,1.8128069932572544
MLP_NN,15,1.1568519985303283
LSTM,15,29.780674958601594
XGBoost,15,2.4433250073343515
MLP_NN,15,1.657386019360274
LSTM,15,43.84692700114101
XGBoost,15,2.267699979711324
MLP_NN,15,1.6657249652780592
LSTM,15,41.331484040711075
XGBoost,15,1.4926359872333705
MLP_NN,15,1.0466790408827364
LSTM,15,28.162376023828983
XGBoost,15,1.5744600095786154
MLP_NN,15,1.0180509998463094
LSTM,15,28.56460097245872
XGBoost,15,1.5483279712498188
MLP_NN,15,1.0324710165150464
LSTM,15,28.14051997847855
XGBoost,15,2.3847150150686502
MLP_NN,15,1.6825780039653182
LSTM,15,30.186345044057816
XGBoost,15,1.483182015363127
MLP_NN,15,0.9991750121116638
LSTM,15,28.40479096630588
XGBoost,15,1.4974160003475845
MLP_NN,15,0.9733050246722996
LSTM,15,28.426932054571807
XGBoost,15,1.4666490023955703
MLP_NN,15,1.0151710011996329
LSTM,15,27.901422989089042
XGBoost,15,1.3866520021110773
MLP_NN,15,1.004570978693664
LSTM,15,28.61917100381106
XGBoost,15,1.4014839543960989
MLP_NN,15,1.049212005455047
LSTM,15,30.21447901846841
XGBoost,15,1.5913929673843086
MLP_NN,15,1.056124980095774
LSTM,15,29.139734979253262
XGBoost,15,1.5079399454407394
MLP_NN,15,1.0435390286147594
LSTM,15,28.16211199387908
XGBoost,15,1.4792809961363673
MLP_NN,15,1.0612569749355316
LSTM,15,28.57993805082515
XGBoost,15,1.7302880296483636
MLP_NN,15,1.0469480184838176
LSTM,15,28.485195012763143
XGBoost,15,1.4747630339115858
MLP_NN,15,0.9672140004113317
LSTM,15,28.23361399350688
XGBoost,15,1.430233009159565
MLP_NN,15,1.0277969995513558
LSTM,15,28.673081018496305
XGBoost,15,1.5132889966480434
MLP_NN,15,0.9857350378297269
LSTM,15,28.709152014926076
XGBoost,15,1.4444419648498297
MLP_NN,15,1.0282929870299995
LSTM,15,28.190850978717208
XGBoost,15,1.4480330282822251
MLP_NN,15,1.0380889871157706
LSTM,15,28.843486972618848
XGBoost,15,1.472568023018539
MLP_NN,15,1.0289539932273328
LSTM,15,29.074870981276035
XGBoost,15,1.4398180064745247
MLP_NN,15,1.030977990012616
LSTM,15,28.95669499412179
XGBoost,15,1.412854006048292
MLP_NN,15,1.0380850289948285
LSTM,15,30.114952009171247
XGBoost,15,1.5191410202533007
MLP_NN,15,1.0534339817240834
LSTM,15,28.750516998115927
XGBoost,15,1.5939470031298697
MLP_NN,15,1.07802904676646
LSTM,15,28.831091010943055
XGBoost,15,1.4657950378023088
MLP_NN,15,1.078360015526414
LSTM,15,28.474355000071228
XGBoost,15,1.6182250110432506
MLP_NN,15,1.0956840123981237
LSTM,15,28.661246004048735
XGBoost,15,1.5544510097242892
MLP_NN,15,1.1179360444657505
LSTM,15,28.53135601617396
XGBoost,15,1.5226110117509961
MLP_NN,15,1.0047800024040043
LSTM,15,29.173185001127422
XGBoost,15,1.512474031187594
MLP_NN,15,1.1558900005184114
LSTM,15,28.701456962153316
XGBoost,15,1.436024031136185
MLP_NN,15,1.0265290038660169
LSTM,15,28.71379704447463
XGBoost,15,1.439724990632385
MLP_NN,15,1.022850046865642
LSTM,15,28.53577001951635
XGBoost,15,1.4568750048056245
MLP_NN,15,1.0361640015617013
LSTM,15,28.367180027998984
XGBoost,15,1.4422229724004865
MLP_NN,15,1.0760120349004865
LSTM,15,28.843902982771397
XGBoost,15,1.4447690336965024
MLP_NN,15,1.0665729641914368
LSTM,15,30.480646004434675
XGBoost,15,1.569705957081169
MLP_NN,15,1.0640720138326287
LSTM,15,29.50804604915902
XGBoost,15,1.5699650393798947
MLP_NN,15,1.0405980283394456
LSTM,15,33.689707051962614
XGBoost,15,2.3762659984640777
MLP_NN,15,1.7169760540127754
LSTM,15,29.652391036506742
XGBoost,15,1.5908149653114378
MLP_NN,15,1.0294640087522566
LSTM,15,28.537573001813143
XGBoost,15,1.5104709891602397
MLP_NN,15,1.0280199931003153
LSTM,15,28.90570496674627
XGBoost,15,1.462259970139712
MLP_NN,15,1.0476750321686268
LSTM,15,28.67228299146518
XGBoost,15,1.5215169987641275
MLP_NN,15,1.0394760174676776
LSTM,15,28.064020036254078
XGBoost,15,1.491215021815151
MLP_NN,15,0.9782380075193942
LSTM,15,28.379174997098744
XGBoost,15,2.327560039702803
MLP_NN,15,1.3742070295847952
LSTM,15,28.14577496610582
XGBoost,15,1.4663460315205157
MLP_NN,15,1.0074569727294147
LSTM,15,28.640196018386632
XGBoost,15,1.4091449556872249
MLP_NN,15,1.0299450368620455
LSTM,15,28.579511970747262
XGBoost,15,1.4055569772608578
MLP_NN,15,1.0070340358652174
LSTM,15,30.158918001689017
XGBoost,15,1.5476510161533952
MLP_NN,15,1.0551820159889758
LSTM,15,28.22749299230054
XGBoost,15,1.585971040185541
MLP_NN,15,0.9682889794930816
LSTM,15,29.04944500187412
XGBoost,15,1.494648982770741
MLP_NN,15,1.0348010109737515
LSTM,15,28.52609002729878
XGBoost,15,1.4610509970225394
MLP_NN,15,1.0306389885954559
LSTM,15,28.248357004486024
XGBoost,15,1.673367980401963
MLP_NN,15,1.011400017887354
LSTM,15,28.47107098205015
XGBoost,15,1.379614055622369
MLP_NN,15,1.01006799377501
LSTM,15,28.247718000784516
XGBoost,15,1.5028269845061004
MLP_NN,15,1.022998010739684
LSTM,15,29.950372991152108
XGBoost,15,1.4720860053785145
MLP_NN,15,1.0591479949653149
LSTM,15,28.465657029300928
XGBoost,15,1.455258985515684
MLP_NN,15,1.0208419989794493
LSTM,15,30.043320963159204
XGBoost,15,1.447227958124131
MLP_NN,15,1.0313459788449109
LSTM,15,28.689666010905057
XGBoost,15,1.4914339990355074
MLP_NN,15,1.0262480354867876
LSTM,15,27.945812966208905
XGBoost,15,1.424672023858875
MLP_NN,15,1.0053059668280184
LSTM,15,30.89477203320712
XGBoost,15,1.5344510320574045
MLP_NN,15,1.0492029832676053
LSTM,15,29.43001897074282
XGBoost,15,1.5143119962885976
MLP_NN,15,1.0324610047973692
LSTM,15,28.84611499030143
XGBoost,15,1.5712709864601493
MLP_NN,15,1.025053032208234
LSTM,15,29.3516360106878
XGBoost,15,1.513973984401673
MLP_NN,15,1.0400540195405483
LSTM,15,28.580814017914236
XGBoost,15,1.5686779515817761
MLP_NN,15,0.9728040313348174
LSTM,15,28.351546032354236
XGBoost,15,1.4810629654675722
MLP_NN,15,0.983647012617439
LSTM,15,28.691548970527947
XGBoost,15,2.1069279755465686
MLP_NN,15,1.033639011438936
LSTM,15,28.341709985397756
XGBoost,15,1.616868015844375
MLP_NN,15,1.0418429737910628
LSTM,15,29.578072018921375
XGBoost,15,1.5135640278458595
MLP_NN,15,1.0661279666237533
LSTM,15,28.52384402649477
XGBoost,15,1.3921849895268679
MLP_NN,15,1.0010540136136115
LSTM,15,28.27491599600762
XGBoost,15,1.3879569596610963
MLP_NN,15,1.0082710068672895
LSTM,15,28.319592005573213
XGBoost,15,1.399173983372748
MLP_NN,15,1.0061099892482162
LSTM,15,32.00004796963185
XGBoost,15,1.5954420086927712
MLP_NN,15,1.0457329917699099
LSTM,15,28.741192014422268
XGBoost,15,1.549236010760069
MLP_NN,15,1.0147559805773199
LSTM,15,28.940157033503056
XGBoost,15,1.547261024825275
MLP_NN,15,1.029753009788692
LSTM,15,28.37721596006304
XGBoost,15,1.5441119903698564
MLP_NN,15,1.0623140260577202
LSTM,15,28.907603991683573
XGBoost,15,1.4846610138192773
MLP_NN,15,1.1971559724770486
LSTM,15,28.695695044007152
XGBoost,15,1.597630965989083
MLP_NN,15,0.9715110063552856
LSTM,15,28.169835975859314
XGBoost,15,1.4301540213637054
MLP_NN,15,1.0251700296066701
LSTM,15,32.62303804513067
XGBoost,15,1.6719800187274814
MLP_NN,15,1.029272039886564
LSTM,15,28.236102021764964
XGBoost,15,1.4822289813309908
MLP_NN,15,1.0509330313652754
LSTM,15,28.43237394699827
XGBoost,15,1.4090859913267195
MLP_NN,15,1.0454270523041487
LSTM,15,28.54904194828123
XGBoost,15,1.577083021402359
MLP_NN,15,1.0145360138267279
LSTM,15,28.537578007671982
XGBoost,15,1.4625940239056945
MLP_NN,15,1.0315810213796794
LSTM,15,30.86205798899755
XGBoost,15,1.5531630488112569
MLP_NN,15,1.1381750227883458
LSTM,15,29.44178000325337
XGBoost,15,1.587283972185105
MLP_NN,15,1.1225210037082434
LSTM,15,29.022547008935362
XGBoost,15,1.5863480512052774
MLP_NN,15,1.1401440133340657
LSTM,15,29.521688993554562
XGBoost,15,1.5004060114733875
MLP_NN,15,1.1308479588478804
LSTM,15,28.90811301767826
XGBoost,15,1.4626070042140782
MLP_NN,15,1.1296579614281654
LSTM,15,28.287326043937355
XGBoost,15,1.3951250002719462
MLP_NN,15,1.0135530028492212
LSTM,15,28.205296024680138
XGBoost,15,1.434425008483231
MLP_NN,15,0.988122948911041
LSTM,15,28.222417051438242
XGBoost,15,1.472985022701323
MLP_NN,15,1.0296020191162825
LSTM,15,28.426653996575624
XGBoost,15,1.4452540199272335
MLP_NN,15,1.0637110099196434
LSTM,15,32.326182001270354
XGBoost,15,1.474692951887846
MLP_NN,15,1.0368190123699605
LSTM,15,27.79729902977124
XGBoost,15,1.4288810198195279
MLP_NN,15,1.0241009877063334
LSTM,15,31.943342997692525
XGBoost,15,1.4044629642739892
MLP_NN,15,1.0157650103792548
LSTM,15,31.382804038003087
XGBoost,15,2.429161046165973
MLP_NN,15,1.4001370291225612
LSTM,15,28.974081040360034
XGBoost,15,2.3531910264864564
MLP_NN,15,1.0558090289123356
LSTM,15,29.35166598763317
XGBoost,15,1.4974059886299074
MLP_NN,15,1.0623999987728894
LSTM,15,29.623484995681792
XGBoost,15,2.4068980128504336
MLP_NN,15,1.6662540147081017
LSTM,15,29.80510296765715
XGBoost,15,1.4849120052531362
MLP_NN,15,1.0378050501458347
LSTM,15,28.51623500464484
XGBoost,15,1.4057069784030318
MLP_NN,15,1.0285059688612819
LSTM,15,28.915081988088787
XGBoost,15,1.4398460043594241
MLP_NN,15,1.045851968228817
LSTM,15,28.388087986968458
XGBoost,15,1.4824450481683016
MLP_NN,15,0.9941059979610145
LSTM,15,28.12813699711114
XGBoost,15,1.4455890050157905
MLP_NN,15,1.0202359990216792
LSTM,15,28.180999972391874
XGBoost,15,1.3655439834110439
MLP_NN,15,1.0250010527670383
LSTM,15,29.807523009367287
XGBoost,15,1.4917829539626837
MLP_NN,15,1.058447000104934
LSTM,15,28.261497034691274
XGBoost,15,1.406430033966899
MLP_NN,15,1.0591369937174022
LSTM,15,30.62151395715773
XGBoost,15,1.527726009953767
MLP_NN,15,1.0421010083518922
LSTM,15,28.714498039335012
XGBoost,15,1.5302590327337384
MLP_NN,15,1.0174649651162326
LSTM,15,28.97831395966932
XGBoost,15,1.5119339805096388
MLP_NN,15,1.0528360144235194
LSTM,15,29.39070895081386
XGBoost,15,1.5380890108644962
MLP_NN,15,1.0215470101684332
LSTM,15,28.945336991455406
XGBoost,15,1.5448540216311812
MLP_NN,15,1.0303810122422874
LSTM,15,28.504371002782136
XGBoost,15,1.4319709734991193
MLP_NN,15,1.0430389665998518
LSTM,15,29.05501500936225
XGBoost,15,2.3465119884349406
MLP_NN,15,1.6559529467485845
LSTM,15,29.03827402042225
XGBoost,15,1.417562016285956
MLP_NN,15,1.0482859797775745
LSTM,15,28.192305995617062
XGBoost,15,1.443769026082009
MLP_NN,15,0.994663976598531
LSTM,15,33.298190974164754
XGBoost,15,1.5610759728588164
MLP_NN,15,1.0123050305992365
LSTM,15,28.749907040037215
XGBoost,15,1.3788769720122218
MLP_NN,15,1.0122410021722317
LSTM,15,27.95940701616928
XGBoost,15,1.3856359873898327
MLP_NN,15,1.034573942888528
LSTM,15,30.698071990627795
XGBoost,15,1.5217229956761003
MLP_NN,15,1.0404989589005709
LSTM,15,33.71250495547429
XGBoost,15,1.6009449609555304
MLP_NN,15,1.014509005472064
LSTM,15,33.462627965491265
XGBoost,15,2.478984009940177
MLP_NN,15,1.7080939724110067
LSTM,15,36.21613996801898
XGBoost,15,1.4948630123399198
MLP_NN,15,1.056691980920732
LSTM,15,29.054492013528943
XGBoost,15,1.5341690159402788
MLP_NN,15,1.0361039894632995
LSTM,15,28.59349298523739
XGBoost,15,1.5240220236591995
MLP_NN,15,1.0087589616887271
LSTM,15,28.73589302180335
XGBoost,15,1.494398049544543
MLP_NN,15,1.0702330037020147
LSTM,15,33.07693998795003
XGBoost,15,2.472270978614688
MLP_NN,15,1.7106690211221576
LSTM,15,39.935482025612146
XGBoost,15,1.4046529540792108
MLP_NN,15,1.0271140490658581
LSTM,15,28.462757007218897
XGBoost,15,1.4022490358911455
MLP_NN,15,1.0058990446850657
LSTM,15,29.118463047780097
XGBoost,15,1.3749490026384592
MLP_NN,15,1.0417099692858756
LSTM,15,28.874863986857235
XGBoost,15,1.6855919966474175
MLP_NN,15,1.0443759965710342
LSTM,15,31.098223000299186
XGBoost,15,1.4994340017437935
MLP_NN,15,1.044701028149575
LSTM,15,29.708903981372714
XGBoost,15,1.5962909674271941
MLP_NN,15,1.0403720079921186
LSTM,15,29.923824011348188
XGBoost,15,1.5930979861877859
MLP_NN,15,1.0469399858266115
LSTM,15,28.97980104899034
XGBoost,15,1.586299971677363
MLP_NN,15,1.0282319854013622
LSTM,15,29.475565010216087
XGBoost,15,1.4769770205020905
MLP_NN,15,1.0527179692871869
LSTM,15,28.921112010721117
XGBoost,15,1.4795989845879376
MLP_NN,15,1.0348749929107726
LSTM,15,28.510920994449407
XGBoost,15,1.4584949822165072
MLP_NN,15,1.072281040251255
LSTM,15,28.654896013904363
XGBoost,15,1.4672750257886946
MLP_NN,15,1.0570629965513945
LSTM,15,29.949043004307896
XGBoost,15,1.467644004151225
MLP_NN,15,1.0611750185489655
LSTM,15,28.618718963116407
XGBoost,15,1.4796089963056147
MLP_NN,15,1.0548749705776572
LSTM,15,29.043523012660444
XGBoost,15,1.4240319724194705
MLP_NN,15,1.0369900264777243
LSTM,15,28.413266991265118
XGBoost,15,1.4358670450747013
MLP_NN,15,1.019106013700366
LSTM,15,33.8306050398387
XGBoost,15,1.566553022712469
MLP_NN,15,1.0776370181702077
LSTM,15,28.486300026997924
XGBoost,15,1.4750559930689633
MLP_NN,15,1.0393219999969006
LSTM,15,28.554762015119195
XGBoost,15,1.5907320193946362
MLP_NN,15,1.0603219852782786
LSTM,15,29.286523000337183
XGBoost,15,1.6173039912246168
MLP_NN,15,1.063796051312238
LSTM,15,29.105708992574364
XGBoost,15,1.5425210003741086
MLP_NN,15,0.9867189801298082
LSTM,15,28.825688001234084
XGBoost,15,1.4634680119343102
MLP_NN,15,1.0468380060046911
LSTM,15,29.04667000984773
XGBoost,15,2.4124470073729753
MLP_NN,15,1.6926610260270536
LSTM,15,39.82248902320862
XGBoost,15,1.3954580063000321
MLP_NN,15,1.0328770149499178
LSTM,15,28.460104949772358
XGBoost,15,1.4486029976978898
MLP_NN,15,1.0007579694502056
LSTM,15,28.380442003253847
XGBoost,15,1.4183850144036114
MLP_NN,15,1.0345029877498746
LSTM,15,28.142346011009067
XGBoost,15,1.4174759853631258
MLP_NN,15,1.0463150101713836
LSTM,15,28.38232001522556
XGBoost,15,1.3788010110147297
MLP_NN,15,1.0258840047754347
LSTM,15,30.441550014074892
XGBoost,15,1.5727720456197858
MLP_NN,15,1.0771849774755538
LSTM,15,28.829605027567595
XGBoost,15,1.5272569726221263
MLP_NN,15,1.060801965650171
LSTM,15,30.043830978684127
XGBoost,15,1.5109439846128225
MLP_NN,15,1.0558830108493567
LSTM,15,29.183337988797575
XGBoost,15,1.4732610434293747
MLP_NN,15,1.0454130242578685
LSTM,15,28.647939034271985
XGBoost,15,1.4977289829403162
MLP_NN,15,1.0317389969713986
LSTM,15,29.36433401191607
XGBoost,15,1.4370940043590963
MLP_NN,15,0.9978269808925688
LSTM,15,28.487792995292693
XGBoost,15,1.4624890172854066
MLP_NN,15,1.0417699813842773
LSTM,15,28.543805005028844
XGBoost,15,1.4516139635816216
MLP_NN,15,1.0479709599167109
LSTM,15,28.89400999993086
XGBoost,15,1.4904029667377472
MLP_NN,15,1.0540729854255915
LSTM,15,29.32598500046879
XGBoost,15,2.4056379916146398
MLP_NN,15,1.704350986983627
LSTM,15,28.514766017906368
XGBoost,15,1.3453169958665967
MLP_NN,15,0.9937699651345611
LSTM,15,28.748252021614462
XGBoost,15,1.3500660425052047
MLP_NN,15,1.0146000422537327
LSTM,15,31.202874961309135
XGBoost,15,1.5067800413817167
MLP_NN,15,1.0549190337769687
LSTM,15,29.11356498952955
XGBoost,15,1.5351910260505974
MLP_NN,15,1.0585139971226454
LSTM,15,34.10703799454495
XGBoost,15,1.4683930203318596
MLP_NN,15,1.0370590025559068
LSTM,15,28.821077023167163
XGBoost,15,1.4887030120007694
MLP_NN,15,1.0693559888750315
LSTM,15,29.548260965384543
XGBoost,15,1.5189949772320688
MLP_NN,15,1.0554090258665383
LSTM,15,29.099064995534718
XGBoost,15,1.509782043285668
MLP_NN,15,1.0568369762040675
LSTM,15,29.52467300929129
XGBoost,15,1.536663039587438
MLP_NN,15,1.0594430495984852
LSTM,15,28.771412966307253
XGBoost,15,1.4509300235658884
MLP_NN,15,1.0443810024298728
LSTM,15,31.88964701257646
XGBoost,15,1.4276839792728424
MLP_NN,15,1.0393860284239054
LSTM,15,31.109882052987814
XGBoost,15,1.4941110275685787
MLP_NN,15,1.0625320137478411
LSTM,15,28.540153987705708
XGBoost,15,1.417302992194891
MLP_NN,15,1.0406170040369034
LSTM,15,28.265972970984876
XGBoost,15,1.386849966365844
MLP_NN,15,1.014315988868475
LSTM,15,30.975504021625966
XGBoost,15,1.5426169848069549
MLP_NN,15,1.0463439975865185
LSTM,15,28.71568500995636
XGBoost,15,1.5034889802336693
MLP_NN,15,1.0096569894813001
LSTM,15,28.794289042707533
XGBoost,15,1.5507120406255126
MLP_NN,15,1.025715027935803
LSTM,15,33.5755719570443
XGBoost,15,1.5057770069688559
MLP_NN,15,1.0578189976513386
LSTM,15,29.189541994128376
XGBoost,15,1.574865949805826
MLP_NN,15,1.1233460390940309
LSTM,15,28.475729981437325
XGBoost,15,2.5274319923482835
MLP_NN,15,1.487670000642538
LSTM,15,29.35471397358924
XGBoost,15,1.4063980197533965
MLP_NN,15,1.0043659713119268
LSTM,15,28.657693997956812
XGBoost,15,1.4298380119726062
MLP_NN,15,1.0544179822318256
LSTM,15,28.714886982925236
XGBoost,15,1.512777991592884
MLP_NN,15,1.0672759963199496
LSTM,15,28.202524001244456
XGBoost,15,1.389052951708436
MLP_NN,15,1.0205289581790566
LSTM,15,29.46369501296431
XGBoost,15,1.4405730180442333
MLP_NN,15,1.0376019636169076
LSTM,15,28.066232975106686
XGBoost,15,1.3932069996371865
MLP_NN,15,1.0155190248042345
LSTM,15,30.952001980040222
XGBoost,15,1.533784030470997
MLP_NN,15,1.0430649854242802
LSTM,15,28.9141180110164
XGBoost,15,1.482651976402849
MLP_NN,15,1.052026986144483
LSTM,15,28.755375999026
XGBoost,15,1.5369610046036541
MLP_NN,15,1.062041032128036
LSTM,15,28.520228050183505
XGBoost,15,1.4874170301482081
MLP_NN,15,1.0297829867340624
LSTM,15,28.36547198239714
XGBoost,15,1.4794240123592317
MLP_NN,15,1.062780967913568
LSTM,15,28.37546798400581
XGBoost,15,1.5530710224993527
MLP_NN,15,1.059990026988089
LSTM,15,28.256841003894806
XGBoost,15,1.4628900098614395
MLP_NN,15,1.0007259552367032
LSTM,15,28.166153002530336
XGBoost,15,1.4151170034892857
MLP_NN,15,0.9866030304692686
LSTM,15,27.97156502492726
XGBoost,15,1.4862659736536443
MLP_NN,15,1.0738249984569848
LSTM,15,27.89474802557379
XGBoost,15,1.5047600027173758
MLP_NN,15,1.045619952492416
LSTM,15,28.795500984415412
XGBoost,15,1.5050099464133382
MLP_NN,15,1.017235976178199
LSTM,15,28.121049981564283
XGBoost,15,1.3961889781057835
MLP_NN,15,1.0194579954259098
LSTM,15,30.999282957054675
XGBoost,15,1.544024038594216
MLP_NN,15,0.9723340044729412
LSTM,15,28.63751002587378
XGBoost,15,1.4517449890263379
MLP_NN,15,1.0122070088982582
LSTM,15,29.137973964679986
XGBoost,15,1.8566909711807966
MLP_NN,15,1.0619509848766029
LSTM,15,29.105217021424323
XGBoost,15,1.506873988546431
MLP_NN,15,1.1611590161919594
LSTM,15,30.324749008286744
XGBoost,15,1.6631269827485085
MLP_NN,15,1.0901539935730398
LSTM,15,29.350170982070267
XGBoost,15,1.4476950163953006
MLP_NN,15,1.0568859870545566
LSTM,15,28.943875047843903
XGBoost,15,1.4835239853709936
MLP_NN,15,1.058568013831973
LSTM,15,28.752596001140773
XGBoost,15,1.5090119559317827
MLP_NN,15,1.0492069995962083
LSTM,15,28.76762399682775
XGBoost,15,1.4445519773289561
MLP_NN,15,1.0555729968473315
LSTM,15,28.10214803321287
XGBoost,15,1.5011299983598292
MLP_NN,15,1.0698620462790132
LSTM,15,28.274729964323342
XGBoost,15,1.4267489896155894
MLP_NN,15,1.0625170543789864
LSTM,15,28.61102798487991
XGBoost,15,1.4307620003819466
MLP_NN,15,1.0499550262466073
LSTM,15,31.2274259631522
XGBoost,15,1.6260650008916855
MLP_NN,15,1.0979140060953796
LSTM,15,29.790859029162675
XGBoost,15,1.5248220297507942
MLP_NN,15,1.073548977728933
LSTM,15,33.624553005211055
XGBoost,15,1.4883870026096702
MLP_NN,15,1.0587169672362506
LSTM,15,29.299620015081018
XGBoost,15,1.5282279928214848
MLP_NN,15,1.0841399780474603
LSTM,15,29.464775987435132
XGBoost,15,2.392399008385837
MLP_NN,15,1.239328004885465
LSTM,15,28.95947400247678
XGBoost,15,1.5631320420652628
MLP_NN,15,1.031205989420414
LSTM,15,29.40955403028056
XGBoost,15,1.4961109845899045
MLP_NN,15,1.0693349759094417
LSTM,15,28.559466009028256
XGBoost,15,1.4694579876959324
MLP_NN,15,1.026356010697782
LSTM,15,29.095575970131904
XGBoost,15,1.4008019934408367
MLP_NN,15,1.0228700120933354
LSTM,15,28.246407047845423
XGBoost,15,1.6399589949287474
MLP_NN,15,1.0134669719263911
LSTM,15,28.802193992305547
XGBoost,15,1.4255520072765648
MLP_NN,15,1.0338160209357738
LSTM,15,28.614974056836218
XGBoost,15,2.349278947804123
MLP_NN,15,1.106539973989129
LSTM,15,31.948631978593767
XGBoost,15,1.7379019991494715
MLP_NN,15,1.1207280331291258
LSTM,15,30.10193502996117
XGBoost,15,1.5950180240906775
MLP_NN,15,1.0662269778549671
LSTM,15,33.90813199803233
XGBoost,15,2.7076980331912637
MLP_NN,15,1.091557031031698
LSTM,15,31.877611007075757
XGBoost,15,1.6460150363855064
MLP_NN,15,1.1047510197386146
LSTM,15,29.461400001309812
XGBoost,15,1.5172020066529512
MLP_NN,15,1.0215190122835338
LSTM,15,28.765761002432555
XGBoost,15,1.5472099767066538
MLP_NN,15,1.0505120153538883
LSTM,15,28.262010018806905
XGBoost,15,1.5333719784393907
MLP_NN,15,1.0435449657961726
LSTM,15,28.3749729860574
XGBoost,15,1.4699009479954839
MLP_NN,15,1.0637259692884982
LSTM,15,28.97745498921722
XGBoost,15,2.259124012198299
MLP_NN,15,1.0151489987038076
LSTM,15,28.261607978492975
XGBoost,15,1.4472529874183238
MLP_NN,15,1.0430779657326639
LSTM,15,28.16930500557646
XGBoost,15,1.4498290256597102
MLP_NN,15,1.015404995996505
LSTM,15,28.18433300126344
XGBoost,15,1.4247520011849701
MLP_NN,15,1.0368730290792882
LSTM,15,31.100709980819374
XGBoost,15,1.5566200017929077
MLP_NN,15,1.0647999588400126
LSTM,15,28.935598966199905
XGBoost,15,1.5882010338827968
MLP_NN,15,1.19060801807791
LSTM,15,37.36671997467056
XGBoost,15,1.5811009798198938
MLP_NN,15,0.9751070174388587
LSTM,15,29.061708017252386
XGBoost,15,1.5611720154993236
MLP_NN,15,1.0171449976041913
LSTM,15,28.963377990294248
XGBoost,15,1.4926170115359128
MLP_NN,15,1.027624006383121
LSTM,15,28.358386014588177
XGBoost,15,1.5185700030997396
MLP_NN,15,1.0347500210627913
LSTM,15,28.210371965542436
XGBoost,15,1.4354489976540208
MLP_NN,15,0.9808919858187437
LSTM,15,33.16405898658559
XGBoost,15,1.6127169947139919
MLP_NN,15,1.0367179638706148
LSTM,15,28.630607994273305
XGBoost,15,1.4229169464670122
MLP_NN,15,1.0568670113570988
LSTM,15,28.576720971614122
XGBoost,15,1.461021020077169
MLP_NN,15,0.9915400296449661
LSTM,15,28.237983002327383
XGBoost,15,1.4181429869495332
MLP_NN,15,1.0022689821198583
LSTM,15,28.554668999277055
XGBoost,15,1.3956519542261958
MLP_NN,15,1.02791195968166
LSTM,15,30.812962038908154
XGBoost,15,1.5464209718629718
MLP_NN,15,1.0788650251924992
LSTM,15,29.395525984000415
XGBoost,15,1.5841909917071462
MLP_NN,15,1.0596390347927809
LSTM,15,29.401300009340048
XGBoost,15,1.5420260024257004
MLP_NN,15,1.061071001458913
LSTM,15,28.939275012817234
XGBoost,15,1.5111889806576073
MLP_NN,15,1.0632260236889124
LSTM,15,29.432209965307266
XGBoost,15,1.5408379840664566
MLP_NN,15,1.079751003999263
LSTM,15,29.254844994284213
XGBoost,15,1.5711109736002982
MLP_NN,15,1.0778309660963714
LSTM,15,33.28736801631749
XGBoost,15,1.681221998296678
MLP_NN,15,1.0304449824616313
LSTM,15,28.95651903236285
XGBoost,15,1.5133179840631783
MLP_NN,15,1.0306240292266011
LSTM,15,28.447565040551126
XGBoost,15,1.4047650038264692
MLP_NN,15,1.0219760006293654
LSTM,15,28.420387010555714
XGBoost,15,1.6596369678154588
MLP_NN,15,1.0667539900168777
LSTM,15,29.64480296941474
XGBoost,15,1.7016680212691426
MLP_NN,15,0.9959189919754863
LSTM,15,28.245494002476335
XGBoost,15,1.3820079620927572
MLP_NN,15,0.989255029708147
LSTM,15,30.973818968050182
XGBoost,15,1.4624970499426126
MLP_NN,15,1.0547760175541043
LSTM,15,28.943114972207695
XGBoost,15,1.5490720397792757
MLP_NN,15,1.0232350323349237
LSTM,15,29.179345001466572
XGBoost,15,1.564761041663587
MLP_NN,15,1.0827029473148286
LSTM,15,34.148087026551366
XGBoost,15,2.412238041870296
MLP_NN,15,1.6956570325419307
LSTM,15,36.79054195526987
XGBoost,15,1.467971014790237
MLP_NN,15,1.0283029987476766
LSTM,15,28.447893972042948
XGBoost,15,1.5774869825690985
MLP_NN,15,1.0219629621133208
LSTM,15,28.20421301294118
XGBoost,15,1.4568879851140082
MLP_NN,15,0.9430309874005616
LSTM,15,32.9857969773002
XGBoost,15,1.5674969763495028
MLP_NN,15,1.0188180021941662
LSTM,15,33.37624605046585
XGBoost,15,2.03495699679479
MLP_NN,15,1.0552239837124944
LSTM,15,29.055787017568946
XGBoost,15,1.4051899779587984
MLP_NN,15,1.0317859705537558
LSTM,15,28.545632027089596
XGBoost,15,1.4385709655471146
MLP_NN,15,1.0422150371596217
LSTM,15,27.990603994112462
XGBoost,15,1.385764975566417
MLP_NN,15,1.024558034259826
LSTM,15,32.84895099932328
XGBoost,15,1.5621519996784627
MLP_NN,15,1.0571549646556377
LSTM,15,29.74149602232501
XGBoost,15,1.517714001238346
MLP_NN,15,1.0208900202997029
LSTM,15,29.291922983247787
XGBoost,15,1.5529639786109328
MLP_NN,15,1.037672976963222
LSTM,15,29.67823698418215
XGBoost,15,1.4874230255372822
MLP_NN,15,1.0654550278559327
LSTM,15,28.845963010098785
XGBoost,15,1.5549759846180677
MLP_NN,15,1.074286992661655
LSTM,15,29.402957996353507
XGBoost,15,1.5251949662342668
MLP_NN,15,1.050977036356926
LSTM,15,33.30269898287952
XGBoost,15,2.383336948696524
MLP_NN,15,1.6881059855222702
LSTM,15,38.54153800057247
XGBoost,15,1.4490599860437214
MLP_NN,15,1.0227059829048812
LSTM,15,28.732215985655785
XGBoost,15,1.4076139777898788
MLP_NN,15,1.0361869935877621
LSTM,15,28.435934975277632
XGBoost,15,1.4278459711931646
MLP_NN,15,1.0251380153931677
LSTM,15,28.603011975064874
XGBoost,30,3.0564540065824986
MLP_NN,30,1.7168890335597098
LSTM,30,86.49112202692777
XGBoost,30,1.6559819923713803
MLP_NN,30,1.0916190221905708
LSTM,30,29.93348496966064
XGBoost,30,1.442943001165986
MLP_NN,30,1.0340400040149689
LSTM,30,28.78304698970169
XGBoost,30,2.3153420188464224
MLP_NN,30,1.669559977017343
LSTM,30,32.04204299254343
XGBoost,30,1.379713008645922
MLP_NN,30,0.9980440372601151
LSTM,30,31.82502498384565
XGBoost,30,1.3795830309391022
MLP_NN,30,0.9914999827742577
LSTM,30,26.958150963764638
XGBoost,30,1.3560930383391678
MLP_NN,30,0.9502899483777583
LSTM,30,27.80766400974244
XGBoost,30,1.3937519979663193
MLP_NN,30,0.9925080230459571
LSTM,30,27.425577980466187
XGBoost,30,1.4027879806235433
MLP_NN,30,0.9830920025706291
LSTM,30,27.668640948832035
XGBoost,30,1.3480469933710992
MLP_NN,30,0.9808439644984901
LSTM,30,34.1278369887732
XGBoost,30,1.4331499696709216
MLP_NN,30,0.9982649935409427
LSTM,30,27.504970028530806
XGBoost,30,1.504480023868382
MLP_NN,30,1.0484230006113648
LSTM,30,32.3559149983339
XGBoost,30,1.5081290039233863
MLP_NN,30,1.0163630358874798
LSTM,30,27.88680704543367
XGBoost,30,1.389204990118742
MLP_NN,30,1.1565950117073953
LSTM,30,27.603992959484458
XGBoost,30,1.418944972101599
MLP_NN,30,1.0095849866047502
LSTM,30,31.68106300290674
XGBoost,30,1.4918960514478385
MLP_NN,30,1.0013519786298275
LSTM,30,27.94289600569755
XGBoost,30,1.3485440285876393
MLP_NN,30,0.989438034594059
LSTM,30,28.332097048405558
XGBoost,30,2.208236954174936
MLP_NN,30,1.6535939648747444
LSTM,30,29.939661966636777
XGBoost,30,1.2986910296604037
MLP_NN,30,0.9912370005622506
LSTM,30,27.25738799199462
XGBoost,30,1.3467439566738904
MLP_NN,30,0.9989659884013236
LSTM,30,27.518311981111765
XGBoost,30,2.2120020003058016
MLP_NN,30,1.6690530464984477
LSTM,30,28.90248195035383
XGBoost,30,1.3373660040087998
MLP_NN,30,0.988502986729145
LSTM,30,29.813856002874672
XGBoost,30,1.5073909889906645
MLP_NN,30,0.9972290135920048
LSTM,30,29.13226798409596
XGBoost,30,1.5908839995972812
MLP_NN,30,1.0280960123054683
LSTM,30,28.46232702722773
XGBoost,30,1.430720032658428
MLP_NN,30,1.0376970167271793
LSTM,30,28.527162969112396
XGBoost,30,1.411661971360445
MLP_NN,30,1.0139169753529131
LSTM,30,28.02862599492073
XGBoost,30,1.3953910092823207
MLP_NN,30,1.008763036224991
LSTM,30,28.057065967004746
XGBoost,30,1.3854270218871534
MLP_NN,30,0.992271990980953
LSTM,30,28.12714094761759
XGBoost,30,1.4038800145499408
MLP_NN,30,1.007920945994556
LSTM,30,28.373351029586047
XGBoost,30,1.3578060315921903
MLP_NN,30,0.9580280166119337
LSTM,30,28.820022009313107
XGBoost,30,1.3945979881100357
MLP_NN,30,1.0043219663202763
LSTM,30,28.14574202056974
XGBoost,30,1.382188987918198
MLP_NN,30,1.009010011330247
LSTM,30,29.50707299169153
XGBoost,30,1.4005689881742
MLP_NN,30,1.0359439766034484
LSTM,30,28.475094004534185
XGBoost,30,1.3751579681411386
MLP_NN,30,1.0118630016222596
LSTM,30,31.062726979143918
XGBoost,30,1.480714010540396
MLP_NN,30,1.0184489656239748
LSTM,30,28.760384942870587
XGBoost,30,1.4522960409522057
MLP_NN,30,1.0382789769209921
LSTM,30,28.645701007917523
XGBoost,30,1.4394160243682563
MLP_NN,30,1.0429269750602543
LSTM,30,28.319688979536295
XGBoost,30,1.3968730345368385
MLP_NN,30,0.9880249854177237
LSTM,30,28.41760200681165
XGBoost,30,1.3763910392299294
MLP_NN,30,0.9764150017872453
LSTM,30,27.984871005173773
XGBoost,30,1.3857790036126971
MLP_NN,30,1.0111659648828208
LSTM,30,28.432625986170024
XGBoost,30,1.3890470145270228
MLP_NN,30,1.0067650000564754
LSTM,30,28.575284988619387
XGBoost,30,1.3437939924187958
MLP_NN,30,1.0181129910051823
LSTM,30,28.001121012493968
XGBoost,30,1.3950340216979384
MLP_NN,30,1.0024969815276563
LSTM,30,28.537977021187544
XGBoost,30,2.2355510154739022
MLP_NN,30,1.6705860034562647
LSTM,30,31.433400989044458
XGBoost,30,1.3795020058751106
MLP_NN,30,1.0166370193473995
LSTM,30,27.803356002550572
XGBoost,30,1.3644720311276615
MLP_NN,30,0.9903470054268837
LSTM,30,29.38428899506107
XGBoost,30,1.4897450455464423
MLP_NN,30,0.9799720137380064
LSTM,30,28.325341001618654
XGBoost,30,1.490403024945408
MLP_NN,30,1.0457069729454815
LSTM,30,29.021277034189552
XGBoost,30,1.4438320067711174
MLP_NN,30,1.005528960376978
LSTM,30,28.599865036085248
XGBoost,30,1.3813810073770583
MLP_NN,30,1.0114620090462267
LSTM,30,28.294566029217094
XGBoost,30,1.3489390257745981
MLP_NN,30,0.9747250005602837
LSTM,30,27.990094968117774
XGBoost,30,1.485613000113517
MLP_NN,30,0.9949670056812465
LSTM,30,28.241460968274623
XGBoost,30,1.805461011826992
MLP_NN,30,0.969482003711164
LSTM,30,28.396078036166728
XGBoost,30,1.372429949697107
MLP_NN,30,0.9760159882716835
LSTM,30,27.639293984975666
XGBoost,30,1.4019559603184462
MLP_NN,30,0.9760670363903046
LSTM,30,32.011108996812254
XGBoost,30,2.256605017464608
MLP_NN,30,1.606297038961202
LSTM,30,27.537402987945825
XGBoost,30,1.3344869948923588
MLP_NN,30,0.9672229643911123
LSTM,30,27.680991974193603
XGBoost,30,1.6526470426470041
MLP_NN,30,1.0353789548389614
LSTM,30,31.27830201992765
XGBoost,30,1.472450967412442
MLP_NN,30,1.0286559700034559
LSTM,30,29.05877400189638
XGBoost,30,1.4621809823438525
MLP_NN,30,1.0424419888295233
LSTM,30,28.699696995317936
XGBoost,30,1.603273965884
MLP_NN,30,1.0346489725634456
LSTM,30,28.692578023765236
XGBoost,30,1.8252700101584196
MLP_NN,30,1.0087370174005628
LSTM,30,28.23336998699233
XGBoost,30,1.3655700022354722
MLP_NN,30,0.987156992778182
LSTM,30,28.474938008002937
XGBoost,30,2.310342970304191
MLP_NN,30,1.6958650085143745
LSTM,30,34.949685039464384
XGBoost,30,1.3616519863717258
MLP_NN,30,1.0144169791601598
LSTM,30,29.2631879565306
XGBoost,30,2.3749179672449827
MLP_NN,30,1.6626010183244944
LSTM,30,35.51745699951425
XGBoost,30,1.3740190188400447
MLP_NN,30,1.0142290266230702
LSTM,30,27.80475898180157
XGBoost,30,1.371118996758014
MLP_NN,30,1.0113479802384973
LSTM,30,28.408292040694505
XGBoost,30,1.371268997900188
MLP_NN,30,1.0152089525945485
LSTM,30,27.283797040581703
XGBoost,30,1.3885059743188322
MLP_NN,30,1.0330689838156104
LSTM,30,30.020552047062665
XGBoost,30,1.5519540174864233
MLP_NN,30,1.072042970918119
LSTM,30,29.330952966120094
XGBoost,30,1.4905089628882706
MLP_NN,30,1.0135300108231604
LSTM,30,27.9961769701913
XGBoost,30,1.4581209979951382
MLP_NN,30,1.0232659988105297
LSTM,30,27.866879012435675
XGBoost,30,1.4335329760797322
MLP_NN,30,0.9900719742290676
LSTM,30,28.251396026462317
XGBoost,30,1.3848780072294176
MLP_NN,30,1.005284022539854
LSTM,30,28.238939004950225
XGBoost,30,1.3946479884907603
MLP_NN,30,1.0397570440545678
LSTM,30,27.918495004996657
XGBoost,30,1.3575690099969506
MLP_NN,30,1.0190420434810221
LSTM,30,27.62996102683246
XGBoost,30,1.3790570083074272
MLP_NN,30,1.0267770267091691
LSTM,30,27.858676970936358
XGBoost,30,1.4073909842409194
MLP_NN,30,0.978595984634012
LSTM,30,27.766350947786123
XGBoost,30,1.3712639920413494
MLP_NN,30,0.9806000161916018
LSTM,30,27.730607020203024
XGBoost,30,1.3952839653939009
MLP_NN,30,1.025053032208234
LSTM,30,27.728796005249023
XGBoost,30,1.374115003272891
MLP_NN,30,1.0045910021290183
LSTM,30,30.515106045641005
XGBoost,30,1.55858596554026
MLP_NN,30,1.0477030300535262
LSTM,30,28.30333396559581
XGBoost,30,1.5202470240183175
MLP_NN,30,0.9602759964764118
LSTM,30,28.151509002782404
XGBoost,30,1.3999480288475752
MLP_NN,30,0.9727819706313312
LSTM,30,28.05104904109612
XGBoost,30,1.4694119454361498
MLP_NN,30,1.0028559481725097
LSTM,30,28.32695102551952
XGBoost,30,1.4091799966990948
MLP_NN,30,0.9920570300891995
LSTM,30,28.339349024463445
XGBoost,30,1.3580399681814015
MLP_NN,30,1.028563012368977
LSTM,30,28.273989039007574
XGBoost,30,1.383449009153992
MLP_NN,30,1.0124630061909556
LSTM,30,28.00593402935192
XGBoost,30,1.3680259580723941
MLP_NN,30,1.0003590141423047
LSTM,30,31.750032969284803
XGBoost,30,1.363502989988774
MLP_NN,30,1.006073027383536
LSTM,30,28.29249599017203
XGBoost,30,1.3905990053899586
MLP_NN,30,1.0477030300535262
LSTM,30,27.89110003504902
XGBoost,30,1.4008400030434132
MLP_NN,30,1.006474019959569
LSTM,30,30.280239996500313
XGBoost,30,1.3803039910271764
MLP_NN,30,1.0287510231137276
LSTM,30,30.531158030498773
XGBoost,30,1.5029669739305973
MLP_NN,30,1.041180978063494
LSTM,30,29.19114800170064
XGBoost,30,1.5564909554086626
MLP_NN,30,1.0180739918723702
LSTM,30,28.961523028556257
XGBoost,30,1.4580010320059955
MLP_NN,30,1.0121100349351764
LSTM,30,28.377362992614508
XGBoost,30,1.4474979834631085
MLP_NN,30,1.0164849809370935
LSTM,30,28.417493973392993
XGBoost,30,1.4161390135996044
MLP_NN,30,1.0376779828220606
LSTM,30,33.88975199777633
XGBoost,30,1.4485639985650778
MLP_NN,30,1.029270002618432
LSTM,30,28.180435008835047
XGBoost,30,1.3844180502928793
MLP_NN,30,1.0378090082667768
LSTM,30,28.351175948046148
XGBoost,30,1.4194240211509168
MLP_NN,30,0.9961429750546813
LSTM,30,29.04797298833728
XGBoost,30,1.3499089982360601
MLP_NN,30,1.001626020297408
LSTM,30,28.4640800091438
XGBoost,30,1.5161100309342146
MLP_NN,30,0.9907020139507949
LSTM,30,28.137855988461524
XGBoost,30,1.390618970617652
MLP_NN,30,1.0183349950239062
LSTM,30,28.219363011885434
XGBoost,30,2.2580919903703034
MLP_NN,30,1.6848160303197801
LSTM,30,32.18147100415081
XGBoost,30,1.464130007661879
MLP_NN,30,1.0142059763893485
LSTM,30,29.958926024846733
XGBoost,30,1.4883939875289798
MLP_NN,30,1.0433190036565065
LSTM,30,28.257760975975543
XGBoost,30,1.4396280166693032
MLP_NN,30,1.0566830169409513
LSTM,30,29.243364988360554
XGBoost,30,1.4320649788714945
MLP_NN,30,0.9906929917633533
LSTM,30,29.18340900214389
XGBoost,30,1.4403509558178484
MLP_NN,30,1.0904750088229775
LSTM,30,32.906292006373405
XGBoost,30,1.431100012268871
MLP_NN,30,1.0255899978801608
LSTM,30,27.89369598031044
XGBoost,30,1.4350640121847391
MLP_NN,30,1.250172033905983
LSTM,30,28.114983986597508
XGBoost,30,1.3640479883179069
MLP_NN,30,1.0202790144830942
LSTM,30,29.214589041657746
XGBoost,30,1.4260439784266055
MLP_NN,30,1.031811989378184
LSTM,30,27.740420016925782
XGBoost,30,1.3901200145483017
MLP_NN,30,1.0041900095529854
LSTM,30,29.153054987546057
XGBoost,30,1.4320529880933464
MLP_NN,30,1.0251310304738581
LSTM,30,28.421286959201097
XGBoost,30,1.3856820296496153
MLP_NN,30,1.0953079909086227
LSTM,30,30.336986004840583
XGBoost,30,1.4940429828129709
MLP_NN,30,1.0536079644225538
LSTM,30,30.824052984826267
XGBoost,30,1.4883169787935913
MLP_NN,30,1.0500130010768771
LSTM,30,28.559867991134524
XGBoost,30,1.4621129957959056
MLP_NN,30,1.0342369787395
LSTM,30,28.37136504240334
XGBoost,30,1.4459870290011168
MLP_NN,30,1.0357609717175364
LSTM,30,28.66438199998811
XGBoost,30,1.4140779967419803
MLP_NN,30,1.0199010139331222
LSTM,30,28.173584025353193
XGBoost,30,1.4467500150203705
MLP_NN,30,1.0214690119028091
LSTM,30,27.815883979201317
XGBoost,30,1.4452380128204823
MLP_NN,30,1.0076689650304615
LSTM,30,28.712213970720768
XGBoost,30,1.3679820112884045
MLP_NN,30,1.0089659481309354
LSTM,30,27.97926898347214
XGBoost,30,1.401245011948049
MLP_NN,30,1.086956006474793
LSTM,30,29.147307039238513
XGBoost,30,2.2281529963947833
MLP_NN,30,1.0852330015040934
LSTM,30,31.745192012749612
XGBoost,30,1.40248000388965
MLP_NN,30,1.0116060147993267
LSTM,30,27.967564994469285
XGBoost,30,1.3940019998699427
MLP_NN,30,1.0158030199818313
LSTM,30,33.8372279657051
XGBoost,30,1.5903860330581665
MLP_NN,30,0.9987840312533081
LSTM,30,29.33641499839723
XGBoost,30,1.491061004344374
MLP_NN,30,1.0531269945204258
LSTM,30,28.546038025524467
XGBoost,30,1.4340920024551451
MLP_NN,30,1.0321970330551267
LSTM,30,29.260565992444754
XGBoost,30,2.403802005574107
MLP_NN,30,1.4449720038101077
LSTM,30,29.1124900104478
XGBoost,30,1.458705053664744
MLP_NN,30,1.0408050147816539
LSTM,30,28.065023012459278
XGBoost,30,1.3461890048347414
MLP_NN,30,1.0913540027104318
LSTM,30,28.457812033593655
XGBoost,30,1.3945549726486206
MLP_NN,30,1.0157430078834295
LSTM,30,28.89310597674921
XGBoost,30,1.3752920203842223
MLP_NN,30,1.0200610267929733
LSTM,30,28.59536703908816
XGBoost,30,2.313883975148201
MLP_NN,30,1.2819590047001839
LSTM,30,27.936420985497534
XGBoost,30,2.289324998855591
MLP_NN,30,1.5224689850583673
LSTM,30,27.566724980715662
XGBoost,30,1.3591489987447858
MLP_NN,30,0.9873469825834036
LSTM,30,31.93541703512892
XGBoost,30,2.295171027071774
MLP_NN,30,1.6715829842723906
LSTM,30,32.00406295945868
XGBoost,30,2.1954489639028907
MLP_NN,30,0.9940619929693639
LSTM,30,28.26465299585834
XGBoost,30,1.4157280093058944
MLP_NN,30,1.005466969218105
LSTM,30,28.36676297010854
XGBoost,30,1.4137310208752751
MLP_NN,30,1.0263720178045332
LSTM,30,28.377477021422237
XGBoost,30,1.4533009962178767
MLP_NN,30,1.05130800511688
LSTM,30,28.711633989587426
XGBoost,30,1.4387069968506694
MLP_NN,30,1.027854043059051
LSTM,30,28.01229798933491
XGBoost,30,1.3289509806782007
MLP_NN,30,1.0085449903272092
LSTM,30,32.50263404333964
XGBoost,30,1.5879989950917661
MLP_NN,30,1.005164987873286
LSTM,30,28.814953984692693
XGBoost,30,1.4694440178573132
MLP_NN,30,1.0525769903324544
LSTM,30,28.457720996811986
XGBoost,30,2.283873036503792
MLP_NN,30,1.7066210275515914
LSTM,30,28.159995039459318
XGBoost,30,1.3517849729396403
MLP_NN,30,1.005989033728838
LSTM,30,32.48183004325256
XGBoost,30,1.3565559638664126
MLP_NN,30,0.9972960106097162
LSTM,30,28.55667396215722
XGBoost,30,1.3194800121709704
MLP_NN,30,1.0055790189653635
LSTM,30,29.9645850318484
XGBoost,30,1.4762119972147048
MLP_NN,30,1.049546990543604
LSTM,30,28.815068013500422
XGBoost,30,1.6267900355160236
MLP_NN,30,1.0934130405075848
LSTM,30,31.108253984712064
XGBoost,30,1.4758740435354412
MLP_NN,30,1.1417309870012105
LSTM,30,29.190206027124077
XGBoost,30,2.365931053645909
MLP_NN,30,1.0665110312402248
LSTM,30,29.095776029862463
XGBoost,30,1.4730129623785615
MLP_NN,30,1.040323986671865
LSTM,30,33.06481597246602
XGBoost,30,1.407786039635539
MLP_NN,30,1.0316040134057403
LSTM,30,28.925648017320782
XGBoost,30,1.3912820140831172
MLP_NN,30,1.0168890003114939
LSTM,30,28.2579290214926
XGBoost,30,1.4422399690374732
MLP_NN,30,0.9980149916373193
LSTM,30,28.29425799427554
XGBoost,30,2.2757159895263612
MLP_NN,30,1.1919329990632832
LSTM,30,32.088022970128804
XGBoost,30,2.252750040497631
MLP_NN,30,1.7091810004785657
LSTM,30,39.350831997580826
XGBoost,30,1.6830170061439276
MLP_NN,30,1.0224769939668477
LSTM,30,28.234859986696392
XGBoost,30,1.443247019778937
MLP_NN,30,0.9826140012592077
LSTM,30,31.5549069782719
XGBoost,30,1.7279449966736138
MLP_NN,30,1.0291100479662418
LSTM,30,30.390749976504594
XGBoost,30,1.4959520194679499
MLP_NN,30,1.0653070057742298
LSTM,30,28.621949022635818
XGBoost,30,1.4460059464909136
MLP_NN,30,1.0209490428678691
LSTM,30,27.773323992732912
XGBoost,30,1.4100580010563135
MLP_NN,30,1.025200996082276
LSTM,30,28.267198998946697
XGBoost,30,1.4537150273099542
MLP_NN,30,1.0051230201497674
LSTM,30,28.280875005293638
XGBoost,30,1.4214999973773956
MLP_NN,30,0.9640049538575113
LSTM,30,28.105136996600777
XGBoost,30,1.428502961061895
MLP_NN,30,1.0113100288435817
LSTM,30,28.111354971770197
XGBoost,30,1.4359880005940795
MLP_NN,30,1.0089920251630247
LSTM,30,28.396405978128314
XGBoost,30,1.3359859585762024
MLP_NN,30,1.0103709646500647
LSTM,30,28.30726298270747
XGBoost,30,2.292949997354299
MLP_NN,30,1.6844680067151785
LSTM,30,32.73610700853169
XGBoost,30,1.3963160454295576
MLP_NN,30,1.043683965690434
LSTM,30,28.401176969055086
XGBoost,30,1.368799014016986
MLP_NN,30,0.991045031696558
LSTM,30,30.9360139654018
XGBoost,30,1.5079439617693424
MLP_NN,30,1.0538049973547459
LSTM,30,28.839475009590387
XGBoost,30,1.4820870128460228
MLP_NN,30,1.0462020291015506
LSTM,30,29.550436011049896
XGBoost,30,2.367258013691753
MLP_NN,30,1.6856910078786314
LSTM,30,28.800631989724934
XGBoost,30,1.3562050298787653
MLP_NN,30,0.9886759798973799
LSTM,30,28.253905999008566
XGBoost,30,1.4147290494292974
MLP_NN,30,1.0112120071426034
LSTM,30,28.58873101649806
XGBoost,30,1.4974380028434098
MLP_NN,30,1.0827209916897118
LSTM,30,28.57805194798857
XGBoost,30,1.3646819861605763
MLP_NN,30,1.0312520316801965
LSTM,30,32.70980197703466
XGBoost,30,2.304314053617418
MLP_NN,30,1.7119550029747188
LSTM,30,37.63674100628123
XGBoost,30,1.383183989673853
MLP_NN,30,1.0138879879377782
LSTM,30,28.55593099957332
XGBoost,30,1.5676040202379227
MLP_NN,30,1.0132649913430214
LSTM,30,28.451806982047856
XGBoost,30,1.3783269678242505
MLP_NN,30,1.0723849991336465
LSTM,30,27.887339994776994
XGBoost,30,1.4016490313224494
MLP_NN,30,1.0052600409835577
LSTM,30,30.451097001787275
XGBoost,30,1.5060469741001725
MLP_NN,30,1.0400849860161543
LSTM,30,28.86433800449595
XGBoost,30,1.4730950351804495
MLP_NN,30,1.0299860150553286
LSTM,30,28.776240011211485
XGBoost,30,2.31904600514099
MLP_NN,30,1.6270889900624752
LSTM,30,29.475556046236306
XGBoost,30,1.4613770181313157
MLP_NN,30,1.0440879850648344
LSTM,30,29.172133014071733
XGBoost,30,1.4661650056950748
MLP_NN,30,1.0293520172126591
LSTM,30,28.810641961172223
XGBoost,30,1.455574994906783
MLP_NN,30,1.024143013637513
LSTM,30,29.527443984989077
XGBoost,30,1.683984010014683
MLP_NN,30,1.1058509699068964
LSTM,30,29.780483047943562
XGBoost,30,2.570170967373997
MLP_NN,30,1.1307420209050179
LSTM,30,31.04262100532651
XGBoost,30,1.65666698012501
MLP_NN,30,1.125186972785741
LSTM,30,29.753243958111852
XGBoost,30,1.5875709941610694
MLP_NN,30,1.1030449531972408
LSTM,30,27.8174530249089
XGBoost,30,1.710170996375382
MLP_NN,30,1.0462900390848517
LSTM,30,29.544509015977383
XGBoost,30,1.5556380385532975
MLP_NN,30,1.01380399428308
LSTM,30,31.744742998853326
XGBoost,30,1.9493510480970144
MLP_NN,30,1.026496000122279
LSTM,30,32.38789102761075
XGBoost,30,1.5336889773607254
MLP_NN,30,1.0113210300914943
LSTM,30,28.286852000746876
XGBoost,30,1.5035130199976265
MLP_NN,30,1.1168990167789161
LSTM,30,29.05457903398201
XGBoost,30,1.4946849551051855
MLP_NN,30,1.0419360478408635
LSTM,30,28.804148023482412
XGBoost,30,1.46105804014951
MLP_NN,30,1.028563012368977
LSTM,30,28.924832004122436
XGBoost,30,1.403556962031871
MLP_NN,30,1.008677005302161
LSTM,30,33.40558602940291
XGBoost,30,1.5193790313787758
MLP_NN,30,1.0296849650330842
LSTM,30,28.053462971001863
XGBoost,30,1.4167330227792263
MLP_NN,30,1.0405980283394456
LSTM,30,28.209303971379995
XGBoost,30,1.3992440071888268
MLP_NN,30,0.9921509772539139
LSTM,30,28.03163998760283
XGBoost,30,1.399372995365411
MLP_NN,30,1.0076240287162364
LSTM,30,28.112052008509636
XGBoost,30,1.3410469982773066
MLP_NN,30,1.0176769574172795
LSTM,30,27.555945969652385
XGBoost,30,1.3866560184396803
MLP_NN,30,1.0213920031674206
LSTM,30,30.47375299502164
XGBoost,30,1.5641010249964893
MLP_NN,30,0.998625997453928
LSTM,30,28.75396399758756
XGBoost,30,1.4402939705178142
MLP_NN,30,1.0223769932053983
LSTM,30,29.27126898430288
XGBoost,30,1.6144610126502812
MLP_NN,30,1.0383980115875602
LSTM,30,28.75242300797254
XGBoost,30,1.5823059948161244
MLP_NN,30,1.0274479864165187
LSTM,30,28.487768955528736
XGBoost,30,1.4660360175184906
MLP_NN,30,1.117636973503977
LSTM,30,28.11794396257028
XGBoost,30,1.4112580101937056
MLP_NN,30,1.0347299976274371
LSTM,30,28.37831503711641
XGBoost,30,1.7535180086269975
MLP_NN,30,1.0256009991280735
LSTM,30,31.894612999167293
XGBoost,30,1.4132980140857399
MLP_NN,30,1.0067049879580736
LSTM,30,28.365794976707548
XGBoost,30,1.3706599711440504
MLP_NN,30,1.0124139953404665
LSTM,30,28.347365034278482
XGBoost,30,1.3828669907525182
MLP_NN,30,1.011184009257704
LSTM,30,28.419476991984993
XGBoost,30,2.2722400026395917
MLP_NN,30,1.495292002800852
LSTM,30,27.960310981143266
XGBoost,30,1.3852400006726384
MLP_NN,30,1.005382975563407
LSTM,30,30.66353703616187
XGBoost,30,2.4151819525286555
MLP_NN,30,1.6793899703770876
LSTM,30,40.42475903406739
XGBoost,30,2.323331020306796
MLP_NN,30,1.6650279867462814
LSTM,30,38.08823996223509
XGBoost,30,1.4219669974409044
MLP_NN,30,1.012346998322755
LSTM,30,28.563364990986884
XGBoost,30,1.4584839809685946
MLP_NN,30,0.9832839714363217
LSTM,30,29.916708008386195
XGBoost,30,1.4123779837973416
MLP_NN,30,1.0141439852304757
LSTM,30,29.053323960397393
XGBoost,30,1.7285349895246327
MLP_NN,30,1.5063679893501103
LSTM,30,29.407900001388043
XGBoost,30,1.5385340084321797
MLP_NN,30,0.97119394922629
LSTM,30,29.06614198582247
XGBoost,30,1.58761499915272
MLP_NN,30,1.0315299732610583
LSTM,30,28.81521498784423
XGBoost,30,2.59952899068594
MLP_NN,30,1.6862460179254413
LSTM,30,36.216228967532516
XGBoost,30,1.4391900040209293
MLP_NN,30,1.0177000076510012
LSTM,30,29.107549984473735
XGBoost,30,1.348715042695403
MLP_NN,30,1.01503700716421
LSTM,30,27.52634696662426
XGBoost,30,1.3540649670176208
MLP_NN,30,1.0146400309167802
LSTM,30,30.900184996426105
XGBoost,30,1.466470945160836
MLP_NN,30,1.0419460013508797
LSTM,30,28.428781020920724
XGBoost,30,1.515125040896237
MLP_NN,30,1.0368440416641533
LSTM,30,28.373995039146394
XGBoost,30,1.4977040118537843
MLP_NN,30,1.0523759992793202
LSTM,30,28.514324978459626
XGBoost,30,1.5124229830689728
MLP_NN,30,1.021691015921533
LSTM,30,28.54048303561285
XGBoost,30,1.4515509828925133
MLP_NN,30,1.0296250111423433
LSTM,30,27.806519996374846
XGBoost,30,1.4256199938245118
MLP_NN,30,0.9902339661493897
LSTM,30,28.23547797743231
XGBoost,30,1.4223420294001698
MLP_NN,30,1.0100820218212903
LSTM,30,28.097999980673194
XGBoost,30,1.3864130014553666
MLP_NN,30,1.018170965835452
LSTM,30,31.757441989611834
XGBoost,30,1.6284140292555094
MLP_NN,30,0.9843530133366585
LSTM,30,28.07018399471417
XGBoost,30,1.3913680450059474
MLP_NN,30,1.229615998454392
LSTM,30,28.578709985595196
XGBoost,30,1.6980519867502153
MLP_NN,30,1.0331569937989116
LSTM,30,30.73238395154476
XGBoost,30,1.3906900421716273
MLP_NN,30,0.9997220477089286
LSTM,30,30.714241962414235
XGBoost,30,1.483430969528854
MLP_NN,30,1.01984798675403
LSTM,30,29.4265829725191
XGBoost,30,1.5100650489330292
MLP_NN,30,1.0069429990835488
LSTM,30,28.640289965551347
XGBoost,30,1.4125820016488433
MLP_NN,30,1.0179289965890348
LSTM,30,28.606723994016647
XGBoost,30,1.4505989965982735
MLP_NN,30,1.0427699889987707
LSTM,30,28.512447024695575
XGBoost,30,1.4293270069174469
MLP_NN,30,1.1640439624898136
LSTM,30,28.211599972564727
XGBoost,30,1.4577519614249468
MLP_NN,30,1.0064549860544503
LSTM,30,28.538429993204772
XGBoost,30,1.4026130083948374
MLP_NN,30,1.0283300071023405
LSTM,30,28.317000018432736
XGBoost,30,2.4769839947111905
MLP_NN,30,1.2197500327602029
LSTM,30,28.520665015093982
XGBoost,30,1.3784809852950275
MLP_NN,30,1.0161700192838907
LSTM,30,28.522029984742403
XGBoost,30,1.3368359650485218
MLP_NN,30,1.0169160086661577
LSTM,30,27.933642035350204
XGBoost,30,1.397657033521682
MLP_NN,30,1.033014035783708
LSTM,30,28.003006998915225
XGBoost,30,2.269008953589946
MLP_NN,30,1.6926960088312626
LSTM,30,32.89288503583521
XGBoost,30,1.4984740410000086
MLP_NN,30,1.06857402715832
LSTM,30,28.99998496286571
XGBoost,30,1.4634730177931488
MLP_NN,30,1.0058109764941037
LSTM,30,28.59563904348761
XGBoost,30,1.469162991270423
MLP_NN,30,1.0505049722269177
LSTM,30,33.37818098952994
XGBoost,30,1.4823029632680118
MLP_NN,30,1.0405980283394456
LSTM,30,28.79134297836572
XGBoost,30,1.48172298213467
MLP_NN,30,1.0472279973328114
LSTM,30,29.685554967727512
XGBoost,30,1.416555023752153
MLP_NN,30,1.0750939836725593
LSTM,30,29.260561044793576
XGBoost,30,1.3853730051778257
MLP_NN,30,1.014100038446486
LSTM,30,28.337359020952135
XGBoost,30,1.5835289959795773
MLP_NN,30,1.005880010779947
LSTM,30,30.002090032212436
XGBoost,30,1.5529189840890467
MLP_NN,30,1.0333979735150933
LSTM,30,28.41954299947247
XGBoost,30,1.4485879801213741
MLP_NN,30,1.0616129729896784
LSTM,30,29.02119397185743
XGBoost,30,2.2237019729800522
MLP_NN,30,1.7151860520243645
LSTM,30,28.63824099767953
XGBoost,30,1.3429230311885476
MLP_NN,30,0.9875000105239451
LSTM,30,30.932274006772786
XGBoost,30,1.651202968787402
MLP_NN,30,1.0352579993195832
LSTM,30,29.577754030469805
XGBoost,30,1.4942549751140177
MLP_NN,30,1.0402360348962247
LSTM,30,29.265149030834436
XGBoost,30,1.4994550147093832
MLP_NN,30,1.0222690179944038
LSTM,30,28.75228103948757
XGBoost,30,1.5089010121300817
MLP_NN,30,1.056887034792453
LSTM,30,33.328094985336065
XGBoost,30,1.4712080010212958
MLP_NN,30,1.0321459849365056
LSTM,30,30.242076027207077
XGBoost,30,1.9095849711447954
MLP_NN,30,1.0263730073347688
LSTM,30,29.184076003730297
XGBoost,30,1.417126040905714
MLP_NN,30,1.0204939753748477
LSTM,30,29.23846198245883
XGBoost,30,1.4258039882406592
MLP_NN,30,1.0499119525775313
LSTM,30,29.202548961620778
XGBoost,30,1.398773049004376
MLP_NN,30,1.0021310299634933
LSTM,30,27.823427983094007
XGBoost,30,1.5331339673139155
MLP_NN,30,0.9941619937308133
LSTM,30,27.758056006859988
XGBoost,30,1.4834960456937551
MLP_NN,30,1.0152329923585057
LSTM,30,28.023087012115866
XGBoost,30,1.3664780417457223
MLP_NN,30,0.9834180236794055
LSTM,30,31.063232047017664
XGBoost,30,1.5255680191330612
MLP_NN,30,1.0285429889336228
LSTM,30,32.99840702675283
XGBoost,30,1.4487769803963602
MLP_NN,30,1.0108979768119752
LSTM,30,33.68093696190044
XGBoost,30,1.6158329672180116
MLP_NN,30,1.0189720196649432
LSTM,30,28.60013605095446
XGBoost,30,1.583961013238877
MLP_NN,30,1.0425199870951474
LSTM,30,43.36290602805093
XGBoost,30,1.3858960010111332
MLP_NN,30,1.0130970040336251
LSTM,30,29.257172951474786
XGBoost,30,1.415994018316269
MLP_NN,30,0.9913130197674036
LSTM,30,29.81896500568837
XGBoost,30,1.4172120136208832
MLP_NN,30,1.0341640445403755
LSTM,30,28.656109992880374
XGBoost,30,1.4455289929173887
MLP_NN,30,1.017978007439524
LSTM,30,28.53764296742156
XGBoost,30,1.3959010248072445
MLP_NN,30,1.0051850113086402
LSTM,30,27.83173299394548
XGBoost,30,1.4060389949008822
MLP_NN,30,1.0182589758187532
LSTM,30,28.138884983491153
XGBoost,30,1.400790992192924
MLP_NN,30,1.042162999510765
LSTM,30,32.53040701383725
XGBoost,30,1.537178992293775
MLP_NN,30,1.0981620289385319
LSTM,30,35.461087012663484
XGBoost,30,1.7679170123301446
MLP_NN,30,1.0597649961709976
LSTM,30,29.600809968542308
XGBoost,30,1.511048001702875
MLP_NN,30,1.1926480219699442
LSTM,30,29.90172296995297
XGBoost,60,3.106172021944076
MLP_NN,60,1.724740955978632
LSTM,60,83.9576370199211
XGBoost,60,2.6476900093257427
MLP_NN,60,1.6666669980622828
LSTM,60,30.07672500098124
XGBoost,60,1.4436380006372929
MLP_NN,60,0.9641809738241136
LSTM,60,28.04956800537184
XGBoost,60,1.4004060067236423
MLP_NN,60,0.9904899634420872
LSTM,60,28.229688992723823
XGBoost,60,1.3970930012874305
MLP_NN,60,1.0255619999952614
LSTM,60,29.38477200223133
XGBoost,60,1.4076249790377915
MLP_NN,60,1.036481000483036
LSTM,60,30.798017978668213
XGBoost,60,1.4945069560781121
MLP_NN,60,1.0309480130672455
LSTM,60,29.47541797766462
XGBoost,60,2.3967630113475025
MLP_NN,60,1.7035240307450294
LSTM,60,38.45615696627647
XGBoost,60,1.3981350348331034
MLP_NN,60,1.0214860085397959
LSTM,60,30.70972696878016
XGBoost,60,1.4566270401701331
MLP_NN,60,1.044703007210046
LSTM,60,29.55196297261864
XGBoost,60,2.264984999783337
MLP_NN,60,1.652067992836237
LSTM,60,33.50976499496028
XGBoost,60,1.3976949849165976
MLP_NN,60,1.0286479955539107
LSTM,60,29.024236020632088
XGBoost,60,1.3890910195186734
MLP_NN,60,1.0339110158383846
LSTM,60,33.489593013655394
XGBoost,60,1.3634120114147663
MLP_NN,60,1.0022600181400776
LSTM,60,28.523036977276206
XGBoost,60,1.3888159883208573
MLP_NN,60,1.0339940199628472
LSTM,60,28.83284498238936
XGBoost,60,1.403222035150975
MLP_NN,60,0.9965240024030209
LSTM,60,33.620772999711335
XGBoost,60,1.3824799680151045
MLP_NN,60,1.0376559803262353
LSTM,60,28.526650974527
XGBoost,60,1.3988529681228101
MLP_NN,60,1.0651019983924925
LSTM,60,30.9091720264405
XGBoost,60,1.6191840404644608
MLP_NN,60,1.033186970744282
LSTM,60,30.56008298881352
XGBoost,60,1.488976995460689
MLP_NN,60,1.0409920359961689
LSTM,60,29.686441004741937
XGBoost,60,1.67893705656752
MLP_NN,60,1.0824340279214084
LSTM,60,28.63309101667255
XGBoost,60,1.374115003272891
MLP_NN,60,1.0032349964603782
LSTM,60,28.55026099132374
XGBoost,60,1.3534270110540092
MLP_NN,60,1.0071280412375927
LSTM,60,28.397565009072423
XGBoost,60,1.3478869805112481
MLP_NN,60,1.0166069841943681
LSTM,60,28.326416038908064
XGBoost,60,1.3617699733003974
MLP_NN,60,1.0066350223496556
LSTM,60,28.47310301149264
XGBoost,60,1.4020389644429088
MLP_NN,60,1.0277199908159673
LSTM,60,29.029493976850063
XGBoost,60,1.3570089940913022
MLP_NN,60,1.0015150182880461
LSTM,60,28.35649502230808
XGBoost,60,1.3909519766457379
MLP_NN,60,1.0194809874519706
LSTM,60,28.35620299447328
XGBoost,60,1.3595849741250277
MLP_NN,60,1.010259031318128
LSTM,60,29.252350970637053
XGBoost,60,1.3048819964751601
MLP_NN,60,0.9978740126825869
LSTM,60,29.934439982753247
XGBoost,60,1.4872800093144178
MLP_NN,60,1.0706399916671216
LSTM,60,29.056804021820426
XGBoost,60,1.4512050547637045
MLP_NN,60,1.0742640006355941
LSTM,60,28.503933979663998
XGBoost,60,1.46729702828452
MLP_NN,60,1.045944052748382
LSTM,60,29.103723994921893
XGBoost,60,1.4576269895769656
MLP_NN,60,1.0591289610601962
LSTM,60,29.25751800648868
XGBoost,60,1.3712900108657777
MLP_NN,60,1.0374829871580005
LSTM,60,29.416968987789005
XGBoost,60,1.3780829613097012
MLP_NN,60,1.0256769601255655
LSTM,60,28.38535699993372
XGBoost,60,1.481911982409656
MLP_NN,60,1.0138190118595958
LSTM,60,28.033220034558326
XGBoost,60,1.341490016784519
MLP_NN,60,1.0133670293726027
LSTM,60,28.22300000116229
XGBoost,60,2.2589709842577577
MLP_NN,60,1.3526839902624488
LSTM,60,28.277034987695515
XGBoost,60,1.372625003568828
MLP_NN,60,0.9858709527179599
LSTM,60,29.065014969091862
XGBoost,60,1.4188160421326756
MLP_NN,60,0.9925530175678432
LSTM,60,29.356740007642657
XGBoost,60,1.289845968130976
MLP_NN,60,0.989135995041579
LSTM,60,30.526562011800706
XGBoost,60,1.4868990401737392
MLP_NN,60,1.0014849831350148
LSTM,60,30.565895955078304
XGBoost,60,1.4646750059910119
MLP_NN,60,0.9784059948287904
LSTM,60,28.58050900977105
XGBoost,60,1.4475620118901134
MLP_NN,60,1.0258079855702817
LSTM,60,28.126749966759235
XGBoost,60,1.5263029490597546
MLP_NN,60,1.0007839882746339
LSTM,60,29.28841399261728
XGBoost,60,1.4092960045672953
MLP_NN,60,0.98752899793908
LSTM,60,28.236027981620282
XGBoost,60,1.3794419937767088
MLP_NN,60,1.0222889832220972
LSTM,60,28.819159022532403
XGBoost,60,1.3771390076726675
MLP_NN,60,1.009433006402105
LSTM,60,28.534218959975988
XGBoost,60,1.3932260335423052
MLP_NN,60,0.9845690219663084
LSTM,60,28.397728980053216
XGBoost,60,1.398555003106594
MLP_NN,60,1.0212529450654984
LSTM,60,28.984697011765093
XGBoost,60,1.3459210167638958
MLP_NN,60,1.0125599801540375
LSTM,60,28.78461399814114
XGBoost,60,1.3305239845067263
MLP_NN,60,0.9977190056815743
LSTM,60,28.75975100323558
XGBoost,60,1.5064799808897078
MLP_NN,60,1.0035709710791707
LSTM,60,31.330307014286518
XGBoost,60,1.4516980154439807
MLP_NN,60,1.0125560220330954
LSTM,60,29.428550973534584
XGBoost,60,2.376220014411956
MLP_NN,60,1.6591379535384476
LSTM,60,41.99446795973927
XGBoost,60,1.4183410094119608
MLP_NN,60,1.021796022541821
LSTM,60,28.659401985350996
XGBoost,60,1.374250976368785
MLP_NN,60,1.01241102674976
LSTM,60,28.39828800642863
XGBoost,60,1.3925679959356785
MLP_NN,60,1.0016419691964984
LSTM,60,29.20117595931515
XGBoost,60,1.40339694917202
MLP_NN,60,0.9755039936862886
LSTM,60,29.36926600523293
XGBoost,60,1.389204990118742
MLP_NN,60,0.95819600392133
LSTM,60,28.068317973520607
XGBoost,60,1.4180710422806442
MLP_NN,60,1.0351550299674273
LSTM,60,30.072366003878415
XGBoost,60,1.3814769918099046
MLP_NN,60,1.0233449866063893
LSTM,60,28.835603967308998
XGBoost,60,1.361826027277857
MLP_NN,60,1.0922520305030048
LSTM,60,28.93336198758334
XGBoost,60,1.3884740183129907
MLP_NN,60,1.0363120236434042
LSTM,60,28.502809000201523
XGBoost,60,1.40949001070112
MLP_NN,60,1.0259620030410588
LSTM,60,30.010513961315155
XGBoost,60,1.4543160214088857
MLP_NN,60,0.9990959661081433
LSTM,60,29.42459098994732
XGBoost,60,1.5045019681565464
MLP_NN,60,1.009118976071477
LSTM,60,29.586340009700507
XGBoost,60,1.4667559880763292
MLP_NN,60,1.0257179965265095
LSTM,60,29.333393031265587
XGBoost,60,1.4180709840729833
MLP_NN,60,1.0363279725424945
LSTM,60,28.888201981317252
XGBoost,60,1.491773989982903
MLP_NN,60,0.9992109844461083
LSTM,60,29.278789006639272
XGBoost,60,1.4125529560260475
MLP_NN,60,1.0096009937115014
LSTM,60,29.005099029745907
XGBoost,60,2.3024259717203677
MLP_NN,60,1.673787017352879
LSTM,60,29.741505975835025
XGBoost,60,1.4333560247905552
MLP_NN,60,1.0210970067419112
LSTM,60,29.34783202363178
XGBoost,60,1.3879539910703897
MLP_NN,60,0.9827079484239221
LSTM,60,30.124710989184678
XGBoost,60,1.4333759900182486
MLP_NN,60,1.0268839541822672
LSTM,60,28.989184997044504
XGBoost,60,1.4215200208127499
MLP_NN,60,1.0108349961228669
LSTM,60,29.00726901134476
XGBoost,60,1.4413890312425792
MLP_NN,60,1.0500350035727024
LSTM,60,31.620616966392845
XGBoost,60,1.5295259654521942
MLP_NN,60,1.04222702793777
LSTM,60,29.699605016503483
XGBoost,60,1.399401982780546
MLP_NN,60,1.0056690080091357
LSTM,60,28.33119098795578
XGBoost,60,1.4494089991785586
MLP_NN,60,1.0988300200551748
LSTM,60,28.407221019733697
XGBoost,60,1.4424099936150014
MLP_NN,60,1.0405420325696468
LSTM,60,28.97693496197462
XGBoost,60,2.2976890322752297
MLP_NN,60,1.0231640189886093
LSTM,60,28.893326001707464
XGBoost,60,1.3774829567410052
MLP_NN,60,1.0084560490213335
LSTM,60,32.17282303376123
XGBoost,60,1.4299380127340555
MLP_NN,60,0.9811740019358695
LSTM,60,29.481787991244346
XGBoost,60,1.4070179895497859
MLP_NN,60,1.0258450056426227
LSTM,60,28.382304997649044
XGBoost,60,1.4455679920502007
MLP_NN,60,1.0276730172336102
LSTM,60,29.09000002546236
XGBoost,60,1.327926991507411
MLP_NN,60,1.0112370364367962
LSTM,60,29.671921976841986
XGBoost,60,1.3867729576304555
MLP_NN,60,0.9787909802980721
LSTM,60,28.631996014155447
XGBoost,60,1.3400919851846993
MLP_NN,60,0.9995150030590594
LSTM,60,30.745696974918246
XGBoost,60,1.4464869746007025
MLP_NN,60,1.0406509973108768
LSTM,60,29.295310960151255
XGBoost,60,1.4577109832316637
MLP_NN,60,1.0299279820173979
LSTM,60,29.779114993289113
XGBoost,60,1.4799709897488356
MLP_NN,60,1.0542860254645348
LSTM,60,29.31337896734476
XGBoost,60,1.470957009587437
MLP_NN,60,1.039315015077591
LSTM,60,30.018399993423373
XGBoost,60,1.4285650104284286
MLP_NN,60,1.0433379793539643
LSTM,60,29.724128951784223
XGBoost,60,1.4784380327910185
MLP_NN,60,1.0298800189048052
LSTM,60,29.554250999353826
XGBoost,60,1.3886369997635484
MLP_NN,60,0.9990499820560217
LSTM,60,29.355977021623403
XGBoost,60,1.3879630132578313
MLP_NN,60,1.0490029817447066
LSTM,60,28.540928033180535
XGBoost,60,1.3975280453450978
MLP_NN,60,1.0291730286553502
LSTM,60,29.337644984479994
XGBoost,60,1.4149700291454792
MLP_NN,60,1.0089980205520988
LSTM,60,28.0265340115875
XGBoost,60,1.3698049588128924
MLP_NN,60,1.0246830061078072
LSTM,60,27.95161202084273
XGBoost,60,1.359736023005098
MLP_NN,60,0.9997740271501243
LSTM,60,31.434584001544863
XGBoost,60,1.4829289866611362
MLP_NN,60,1.0082280496135354
LSTM,60,29.409390001092106
XGBoost,60,1.4439169899560511
MLP_NN,60,1.0224730358459055
LSTM,60,29.308380966540426
XGBoost,60,1.4436630299314857
MLP_NN,60,0.991634966339916
LSTM,60,29.183738981373608
XGBoost,60,1.5246240072883666
MLP_NN,60,1.0235600057058036
LSTM,60,29.508432024158537
XGBoost,60,1.3911440037190914
MLP_NN,60,1.0604190174490213
LSTM,60,29.207270010374486
XGBoost,60,1.3889129622839391
MLP_NN,60,1.0204290156252682
LSTM,60,29.553948959801346
XGBoost,60,1.4016900095157325
MLP_NN,60,1.0249080369248986
LSTM,60,28.33840501261875
XGBoost,60,1.380803994834423
MLP_NN,60,1.035813009366393
LSTM,60,28.814001008868217
XGBoost,60,1.3479500194080174
MLP_NN,60,1.0121719678863883
LSTM,60,28.597558033652604
XGBoost,60,1.3517939951270819
MLP_NN,60,0.9716869681142271
LSTM,60,33.745526045095176
XGBoost,60,1.378136978019029
MLP_NN,60,1.018242968712002
LSTM,60,29.388815048150718
XGBoost,60,1.4351110439747572
MLP_NN,60,1.0297519620507956
LSTM,60,30.897064018063247
XGBoost,60,1.521967991720885
MLP_NN,60,1.037410052958876
LSTM,60,28.76232599373907
XGBoost,60,1.4572690124623477
MLP_NN,60,1.0245000012218952
LSTM,60,29.738321958575398
XGBoost,60,1.5917810378596187
MLP_NN,60,0.9906110353767872
LSTM,60,31.436235993169248
XGBoost,60,1.6500760102644563
MLP_NN,60,1.045030017849058
LSTM,60,30.167094024363905
XGBoost,60,1.4918009983375669
MLP_NN,60,1.047577999997884
LSTM,60,30.012053961399943
XGBoost,60,1.4128080219961703
MLP_NN,60,1.0338189895264804
LSTM,60,28.569455025717616
XGBoost,60,1.4277510344982147
MLP_NN,60,0.9715909836813807
LSTM,60,28.54131901403889
XGBoost,60,1.3499850174412131
MLP_NN,60,1.0312910308130085
LSTM,60,29.110283008776605
XGBoost,60,1.441599044483155
MLP_NN,60,1.0774069814942777
LSTM,60,28.632130997721106
XGBoost,60,2.319549967069179
MLP_NN,60,1.0662179556675255
LSTM,60,28.88889197492972
XGBoost,60,2.2310730419121683
MLP_NN,60,1.3246460002847016
LSTM,60,29.373219003900886
XGBoost,60,1.3099809875711799
MLP_NN,60,1.0723230079747736
LSTM,60,30.965880025178194
XGBoost,60,1.5264060348272324
MLP_NN,60,1.0368640068918467
LSTM,60,29.958300990983844
XGBoost,60,1.4709760434925556
MLP_NN,60,1.0345429764129221
LSTM,60,29.3346390244551
XGBoost,60,1.4503590064123273
MLP_NN,60,1.0378739680163562
LSTM,60,29.340787965338677
XGBoost,60,1.6161189996637404
MLP_NN,60,1.0515819885767996
LSTM,60,28.761328023392707
XGBoost,60,1.4109890325926244
MLP_NN,60,1.0241730487905443
LSTM,60,33.97872700588778
XGBoost,60,1.6898500034585595
MLP_NN,60,1.036889967508614
LSTM,60,33.037656045053154
XGBoost,60,1.4066440053284168
MLP_NN,60,0.9952850523404777
LSTM,60,28.429377998691052
XGBoost,60,1.4138509868644178
MLP_NN,60,0.9826040477491915
LSTM,60,28.804950998164713
XGBoost,60,1.481604005675763
MLP_NN,60,1.00347597617656
LSTM,60,32.52437798073515
XGBoost,60,1.4014329644851387
MLP_NN,60,0.9988360106945038
LSTM,60,28.86711695464328
XGBoost,60,1.371681981254369
MLP_NN,60,1.0216680238954723
LSTM,60,32.42405201308429
XGBoost,60,1.375270017888397
MLP_NN,60,1.0346199851483107
LSTM,60,31.3702350249514
XGBoost,60,1.4885260025039315
MLP_NN,60,1.0421060142107308
LSTM,60,29.264851997140795
XGBoost,60,1.5227209660224617
MLP_NN,60,1.031474967021495
LSTM,60,30.218894011341035
XGBoost,60,1.4866080018691719
MLP_NN,60,1.059490954503417
LSTM,60,29.92845798144117
XGBoost,60,1.4628790086135268
MLP_NN,60,1.0039589833468199
LSTM,60,28.351837012451142
XGBoost,60,1.544875034596771
MLP_NN,60,1.0385799687355757
LSTM,60,29.636882012709975
XGBoost,60,1.5516679850406945
MLP_NN,60,1.03187799686566
LSTM,60,32.82746998593211
XGBoost,60,1.4366600080393255
MLP_NN,60,0.9967370424419641
LSTM,60,29.488569998648018
XGBoost,60,1.5698130009695888
MLP_NN,60,1.0453920112922788
LSTM,60,29.481587989721447
XGBoost,60,1.418200961779803
MLP_NN,60,1.0390009847469628
LSTM,60,29.293327999766916
XGBoost,60,1.389919954817742
MLP_NN,60,1.027328020427376
LSTM,60,28.050554974470288
XGBoost,60,1.5129539533518255
MLP_NN,60,1.0235150111839175
LSTM,60,28.551260009407997
XGBoost,60,1.3544500106945634
MLP_NN,60,1.0238260147161782
LSTM,60,30.34889098489657
XGBoost,60,1.5647049876861274
MLP_NN,60,1.0667600436136127
LSTM,60,29.348071024287492
XGBoost,60,1.4837069902569056
MLP_NN,60,1.0409500100649893
LSTM,60,39.91841402603313
XGBoost,60,1.450006035156548
MLP_NN,60,1.029041945002973
LSTM,60,29.04289698926732
XGBoost,60,1.4298789901658893
MLP_NN,60,0.9895759867504239
LSTM,60,29.022864007856697
XGBoost,60,1.4711359981447458
MLP_NN,60,1.0392750264145434
LSTM,60,29.73755297716707
XGBoost,60,1.4430839801207185
MLP_NN,60,1.4475700445473194
LSTM,60,30.049345979932696
XGBoost,60,1.3653759961016476
MLP_NN,60,1.0187479783780873
LSTM,60,28.439912013709545
XGBoost,60,1.407730975188315
MLP_NN,60,0.9890299988910556
LSTM,60,29.722962994128466
XGBoost,60,1.3828999944962561
MLP_NN,60,1.0471739806234837
LSTM,60,28.380291012581438
XGBoost,60,1.3644740101881325
MLP_NN,60,1.0228879982605577
LSTM,60,27.939737017732114
XGBoost,60,1.4185950276441872
MLP_NN,60,1.1502080014906824
LSTM,60,28.411245031747967
XGBoost,60,1.3812350225634873
MLP_NN,60,1.0024660150520504
LSTM,60,30.299911042675376
XGBoost,60,1.5455479733645916
MLP_NN,60,0.9761880501173437
LSTM,60,28.461735986638814
XGBoost,60,1.4405969996005297
MLP_NN,60,0.9990070248022676
LSTM,60,28.448536002542824
XGBoost,60,1.4679739833809435
MLP_NN,60,1.014960987959057
LSTM,60,28.471919998992234
XGBoost,60,1.421649008989334
MLP_NN,60,1.01730803726241
LSTM,60,28.943626035470515
XGBoost,60,1.4102380373515189
MLP_NN,60,1.0410230024717748
LSTM,60,28.25696999207139
XGBoost,60,1.4061639667488635
MLP_NN,60,1.038422982674092
LSTM,60,28.556077973917127
XGBoost,60,1.577381044626236
MLP_NN,60,1.0253340005874634
LSTM,60,29.236944974400103
XGBoost,60,1.4297070447355509
MLP_NN,60,1.119439024478197
LSTM,60,28.74032803811133
XGBoost,60,1.3955860049463809
MLP_NN,60,1.010294014122337
LSTM,60,28.84215902304277
XGBoost,60,1.3973629684187472
MLP_NN,60,1.0346159688197076
LSTM,60,28.127802012022585
XGBoost,60,1.4312599669210613
MLP_NN,60,1.0206259903497994
LSTM,60,29.12958402885124
XGBoost,60,1.408160023856908
MLP_NN,60,1.0163949918933213
LSTM,60,30.65509401494637
XGBoost,60,1.5120290336199105
MLP_NN,60,1.0484730009920895
LSTM,60,29.7564190113917
XGBoost,60,1.5457989647984505
MLP_NN,60,1.043536001816392
LSTM,60,32.800946035422385
XGBoost,60,2.3656560224480927
MLP_NN,60,1.6900149639695883
LSTM,60,42.123268998693675
XGBoost,60,2.362421015277505
MLP_NN,60,1.667361008003354
LSTM,60,38.96667202934623
XGBoost,60,1.380531000904739
MLP_NN,60,1.0234920191578567
LSTM,60,28.84452702710405
XGBoost,60,1.4054710045456886
MLP_NN,60,1.021222968120128
LSTM,60,29.494032030925155
XGBoost,60,1.3932680012658238
MLP_NN,60,1.0415019933134317
LSTM,60,28.977938985917717
XGBoost,60,1.3616179930977523
MLP_NN,60,1.005166966933757
LSTM,60,29.75350304041058
XGBoost,60,1.4400410000234842
MLP_NN,60,1.0464760125614703
LSTM,60,29.212826979346573
XGBoost,60,1.3885810039937496
MLP_NN,60,0.9991559782065451
LSTM,60,29.196713003329933
XGBoost,60,1.4015010092407465
MLP_NN,60,1.0489819687791169
LSTM,60,28.738405962940305
XGBoost,60,1.419359992723912
MLP_NN,60,1.023777003865689
LSTM,60,30.983771022874862
XGBoost,60,1.5729069709777832
MLP_NN,60,0.9937059949152172
LSTM,60,148.79653096431866
XGBoost,60,1.7928609740920365
MLP_NN,60,1.1442189570516348
LSTM,60,31.314547988586128
XGBoost,60,1.5489709912799299
MLP_NN,60,1.03143003070727
LSTM,60,30.98072001012042
XGBoost,60,1.5706020058132708
MLP_NN,60,1.04145600926131
LSTM,60,30.580591992475092
XGBoost,60,2.04064097488299
MLP_NN,60,1.076000975444913
LSTM,60,30.586981039959937
XGBoost,60,2.443029952701181
MLP_NN,60,1.6830399981699884
LSTM,60,42.03382303239778
XGBoost,60,1.457737002056092
MLP_NN,60,1.0190519969910383
LSTM,60,29.93644995149225
XGBoost,60,1.540132041554898
MLP_NN,60,1.0415890137664974
LSTM,60,30.386636033654213
XGBoost,60,1.5054470277391374
MLP_NN,60,1.0253919754177332
LSTM,60,29.50251300353557
XGBoost,60,1.4728929963894188
MLP_NN,60,1.0462839854881167
LSTM,60,29.484501981642097
XGBoost,60,1.5474579995498061
MLP_NN,60,1.0515900212340057
LSTM,60,29.601110029034317
XGBoost,60,1.5290569863282144
MLP_NN,60,1.0629300377331674
LSTM,60,34.02813401771709
XGBoost,60,2.3959060199558735
MLP_NN,60,1.076720014680177
LSTM,60,32.779483997728676
XGBoost,60,1.5721929958090186
MLP_NN,60,1.0602299589663744
LSTM,60,30.165510019287467
XGBoost,60,1.5479409485124052
MLP_NN,60,1.0468639666214585
LSTM,60,29.997896985150874
XGBoost,60,1.5636360039934516
MLP_NN,60,1.06805597897619
LSTM,60,31.2197029707022
XGBoost,60,1.5222849906422198
MLP_NN,60,1.07009697239846
LSTM,60,30.949437990784645
XGBoost,60,1.5177469467744231
MLP_NN,60,1.0334799881093204
LSTM,60,29.879555047955364
XGBoost,60,1.5572120319120586
MLP_NN,60,1.0947189875878394
LSTM,60,30.68057296331972
XGBoost,60,1.8147510127164423
MLP_NN,60,1.0434419964440167
LSTM,60,30.21859802538529
XGBoost,60,1.5733749605715275
MLP_NN,60,1.0419060126878321
LSTM,60,30.592826020438224
XGBoost,60,1.5153719577938318
MLP_NN,60,1.0726309847086668
LSTM,60,30.245182977523655
XGBoost,60,2.438873052597046
MLP_NN,60,1.6968430136330426
LSTM,60,43.70467097032815
XGBoost,60,1.559220952913165
MLP_NN,60,1.0814410052262247
LSTM,60,29.990841983817518
XGBoost,60,1.484756008721888
MLP_NN,60,1.0702990111894906
LSTM,60,33.12722698319703
XGBoost,60,1.616236986592412
MLP_NN,60,1.091709011234343
LSTM,60,30.287546978797764
XGBoost,60,1.5383929712697864
MLP_NN,60,1.041994953993708
LSTM,60,31.35126398410648
XGBoost,60,2.801107009872794
MLP_NN,60,1.133300014771521
LSTM,60,32.24671300267801
XGBoost,60,2.4724300019443035
MLP_NN,60,1.6932580037973821
LSTM,60,31.197611999232322
XGBoost,60,1.577042043209076
MLP_NN,60,1.0731950169429183
LSTM,60,35.54910299135372
XGBoost,60,1.5351349720731378
MLP_NN,60,1.0490079876035452
LSTM,60,30.362755001988262
XGBoost,60,1.562424993608147
MLP_NN,60,1.0567879653535783
LSTM,60,30.561542022041976
XGBoost,60,2.187868987675756
MLP_NN,60,1.0956680052913725
LSTM,60,31.99797502020374
XGBoost,60,1.7246120260097086
MLP_NN,60,1.131720026023686
LSTM,60,30.538871011231095
XGBoost,60,1.5514919650740921
MLP_NN,60,1.0818479931913316
LSTM,60,30.001447012182325
XGBoost,60,1.4956509694457054
MLP_NN,60,1.0679950355552137
LSTM,60,29.385152040049434
XGBoost,60,1.4940790133550763
MLP_NN,60,1.062715018633753
LSTM,60,32.56323700770736
XGBoost,60,1.5594610013067722
MLP_NN,60,1.069163961801678
LSTM,60,30.542697000782937
XGBoost,60,1.6187280416488647
MLP_NN,60,1.0579469962976873
LSTM,60,30.312545015476644
XGBoost,60,1.504334039054811
MLP_NN,60,1.055005006492138
LSTM,60,30.75121104484424
XGBoost,60,1.5342339756898582
MLP_NN,60,1.059717033058405
LSTM,60,30.334808980114758
XGBoost,60,2.4520079605281353
MLP_NN,60,1.6909190453588963
LSTM,60,33.42638403410092
XGBoost,60,1.5798209933564067
MLP_NN,60,1.0989619768224657
LSTM,60,30.109588988125324
XGBoost,60,1.5173039864748716
MLP_NN,60,1.0598449734970927
LSTM,60,29.65295995818451
XGBoost,60,1.624119991902262
MLP_NN,60,1.0596939828246832
LSTM,60,30.247148999478668
XGBoost,60,1.516187039669603
MLP_NN,60,1.0348730138503015
LSTM,60,29.810821055434644
XGBoost,60,1.6654939972795546
MLP_NN,60,1.0363960172981024
LSTM,60,29.928937030490488
XGBoost,60,1.5651700086891651
MLP_NN,60,1.1013420298695564
LSTM,60,33.91547000501305
XGBoost,60,2.48049502260983
MLP_NN,60,1.6938680200837553
LSTM,60,40.79065000405535
XGBoost,60,1.5553820412606
MLP_NN,60,1.055230968631804
LSTM,60,31.02491598110646
XGBoost,60,1.538139011245221
MLP_NN,60,1.0726869804784656
LSTM,60,30.6922149611637
XGBoost,60,1.747503993101418
MLP_NN,60,1.0793760302476585
LSTM,60,30.08337802020833
XGBoost,60,1.5369699685834348
MLP_NN,60,1.0706710163503885
LSTM,60,30.69752099690959
XGBoost,60,1.577123999595642
MLP_NN,60,1.0557539644651115
LSTM,60,30.990105005912483
XGBoost,60,1.5380840050056577
MLP_NN,60,1.0721089784055948
LSTM,60,29.984418011736125
XGBoost,60,1.5348109882324934
MLP_NN,60,1.0492269648239017
LSTM,60,30.222425993997604
XGBoost,60,1.5038319979794323
MLP_NN,60,1.0390050010755658
LSTM,60,30.954286048654467
XGBoost,60,1.5639049815945327
MLP_NN,60,1.042520976625383
LSTM,60,29.516945010982454
XGBoost,60,1.5456859837286174
MLP_NN,60,1.0555319604463875
LSTM,60,29.172773996833712
XGBoost,60,1.4922949485480785
MLP_NN,60,1.0626009898260236
LSTM,60,28.561638959217817
XGBoost,60,1.524841005448252
MLP_NN,60,0.9935660054907203
LSTM,60,31.779879005625844
XGBoost,60,1.555002003442496
MLP_NN,60,1.0606860159896314
LSTM,60,30.53684497717768
XGBoost,60,1.973596983589232
MLP_NN,60,1.0413049603812397
LSTM,60,30.80639598192647
XGBoost,60,1.5664820093661547
MLP_NN,60,1.071779988706112
LSTM,60,30.776313971728086
XGBoost,60,1.536577008664608
MLP_NN,60,1.0457090102136135
LSTM,60,30.749822966754436
XGBoost,60,1.5178350149653852
MLP_NN,60,1.0644029825925827
LSTM,60,31.175172014627606
XGBoost,60,1.519199984613806
MLP_NN,60,1.0609040036797523
LSTM,60,30.33169300761074
XGBoost,60,1.5501549933105707
MLP_NN,60,1.0604840354062617
LSTM,60,33.59699697466567
XGBoost,60,1.5190780395641923
MLP_NN,60,1.0628760210238397
LSTM,60,29.87961401231587
XGBoost,60,1.5308840083889663
MLP_NN,60,1.059984031599015
LSTM,60,30.421251023653895
XGBoost,60,1.4919620007276535
MLP_NN,60,1.0477789910510182
LSTM,60,30.00959102064371
XGBoost,60,1.5568339731544256
MLP_NN,60,1.0605310089886189
LSTM,60,30.89267696486786
XGBoost,60,1.513632945716381
MLP_NN,60,1.020929019432515
LSTM,60,31.808120023924857
XGBoost,60,1.8075020052492619
MLP_NN,60,1.0942650260403752
LSTM,60,33.014248008839786
XGBoost,60,1.5870770439505577
MLP_NN,60,1.064611948095262
LSTM,60,30.964803998358548
XGBoost,60,2.4886999744921923
MLP_NN,60,1.7043940024450421
LSTM,60,38.253399019595236
XGBoost,60,1.5649620327167213
MLP_NN,60,1.0804390185512602
LSTM,60,29.777656018268317
XGBoost,60,1.5782230184413493
MLP_NN,60,1.0439030011184514
LSTM,60,30.130800034385175
XGBoost,60,1.6057430184446275
MLP_NN,60,1.0535289766266942
LSTM,60,30.639626958873123
XGBoost,60,1.5658459742553532
MLP_NN,60,1.0521839722059667
LSTM,60,29.611540026962757
XGBoost,60,1.5255920006893575
MLP_NN,60,1.0503989760763943
LSTM,60,30.36774799693376
XGBoost,60,1.502419007010758
MLP_NN,60,1.068097015377134
LSTM,60,30.490024015307426
XGBoost,60,1.5392950153909624
MLP_NN,60,1.076454995200038
LSTM,60,30.136924993712455
XGBoost,60,1.510638976469636
MLP_NN,60,1.0210960172116756
LSTM,60,29.565620992798358
XGBoost,60,1.4799860073253512
MLP_NN,60,1.0528970160521567
LSTM,60,32.89308398962021
XGBoost,60,1.575809030327946
MLP_NN,60,1.089543045964092
LSTM,60,30.556123005226254
XGBoost,60,1.6019049799069762
MLP_NN,60,1.0791260283440351
LSTM,60,30.732400016859174
XGBoost,60,1.7796860192902386
MLP_NN,60,1.1074699577875435
LSTM,60,31.905026989988983
XGBoost,60,1.7896039644256234
MLP_NN,60,1.1475099599920213
LSTM,60,30.525302980095148
XGBoost,60,1.615154033061117
MLP_NN,60,1.1026469874195755
LSTM,60,31.0392240062356
XGBoost,60,1.557458017487079
MLP_NN,60,1.0731940274126828
LSTM,60,31.303516996558756
XGBoost,60,1.540422032121569
MLP_NN,60,1.0459939949214458
LSTM,60,29.882467002607882
XGBoost,60,1.527078973595053
MLP_NN,60,1.0042209760285914
LSTM,60,29.91475199814886
XGBoost,60,1.5166380326263607
MLP_NN,60,1.0531540028750896
LSTM,60,30.02416796516627
XGBoost,60,1.5674640308134258
MLP_NN,60,1.0813739500008523
LSTM,60,30.657183029688895
XGBoost,60,1.5819930122233927
MLP_NN,60,1.066002994775772
LSTM,60,29.439614969305694
XGBoost,60,1.4916290529072285
MLP_NN,60,1.0562139796093106
LSTM,60,31.908580975141376
XGBoost,60,1.6440149629488587
MLP_NN,60,1.098028034903109
LSTM,60,31.02273104013875
XGBoost,60,1.6421720501966774
MLP_NN,60,1.0919880005531013
LSTM,60,31.14030900178477
XGBoost,60,2.3138790274970233
MLP_NN,60,1.133150013629347
LSTM,60,32.92862302623689
XGBoost,60,1.547302003018558
MLP_NN,60,1.048206991981715
LSTM,60,30.316185962874442
XGBoost,60,1.4982260181568563
MLP_NN,60,1.0237200185656548
LSTM,60,30.1922460203059
XGBoost,60,1.51179195381701
MLP_NN,60,1.0319549473933876
LSTM,60,29.969697003252804
XGBoost,60,1.4988220063969493
MLP_NN,60,1.0472830035723746
LSTM,60,30.394634988624603
XGBoost,60,1.4545490266755223
MLP_NN,60,1.0245019802823663
LSTM,60,32.432301028165966
XGBoost,60,1.8237599870190024
MLP_NN,60,1.016668975353241
LSTM,60,29.935794009361416
XGBoost,60,1.4926909934729338
MLP_NN,60,1.0656079975888133
LSTM,60,29.51591496821493
XGBoost,60,1.5364859718829393
MLP_NN,60,1.0343139874748886
LSTM,60,34.33889203006402
XGBoost,60,1.431502983905375
MLP_NN,60,1.0324130416847765
LSTM,60,33.09797198744491
XGBoost,60,1.5770140453241765
MLP_NN,60,1.0715909884311259
LSTM,60,29.814307985361665
XGBoost,60,1.6020070179365575
MLP_NN,60,1.0585669660940766
LSTM,60,30.2742290077731
XGBoost,60,1.5181500348262489
MLP_NN,60,1.15593196824193
LSTM,60,30.811405973508954
XGBoost,60,1.558162970468402
MLP_NN,60,1.0726159671321511
LSTM,60,30.38808103883639
XGBoost,60,1.522756996564567
MLP_NN,60,1.0524910176172853
LSTM,60,30.73359403060749
